Temperature,Vibration,Pressure,Humidity,SoundLevel,OperatingHours,LastMaintenanceDays,MachineStatus
79.96714153011233,7.099033154879003,26.62410862512809,69.12441376904304,71.44850194216866,8904,285,Needs_Maintenance
73.61735698828815,6.386950524369153,29.27740664642241,79.01403239081978,80.42622429852851,695,274,Healthy
81.47688538100692,5.089445554880261,26.037900395000193,35.580250337024836,74.68932640314226,7975,20,Healthy
90.23029856408026,4.029594833441639,28.4601923518048,78.18341796787863,66.70068945426816,9133,239,Needs_Maintenance
72.65846625276664,6.047334970420385,20.531926665231072,45.87403218749347,72.05759176284742,4539,270,Healthy
72.6586304305082,5.590228078132625,31.066468536864694,40.85112771882528,68.0746786037583,6072,310,Healthy
90.79212815507391,6.342789830041598,30.006027376811122,23.020971618161195,70.06304147755783,958,31,Needs_Maintenance
82.67434729152909,5.9527577025229546,25.914556844659046,23.165915471576156,67.39511158281198,5619,314,Healthy
70.30525614065049,6.574329072979003,33.296228342162024,61.52067535679928,68.68531835291687,7485,104,Healthy
80.42560043585965,4.1971471826591475,34.68785068813279,47.475739666041676,71.6967468245934,8736,170,Healthy
70.36582307187538,6.976091098451489,21.962200678155128,33.591297562166346,62.0531304033444,4417,186,Needs_Maintenance
70.34270246429743,5.296399407038599,26.18637610716893,56.83821837951396,61.87296938408017,3554,128,Healthy
77.41962271566034,8.112891308937899,26.15428825106351,35.17148709500667,58.89165956935031,1130,210,Healthy
55.86719755342202,3.9662182728656483,25.300484494455677,54.65790526066536,57.19783116397032,9587,281,Healthy
57.75082167486967,7.603945704747874,34.14737420965874,41.552524818961416,60.26173846223617,8006,253,Needs_Maintenance
69.37712470759027,5.296866175193972,29.030869306135983,69.41313359670914,71.27570005443303,1547,19,Healthy
64.87168879665576,4.022872994578328,28.677425793446947,69.24176964600676,62.85769987606493,2950,200,Healthy
78.14247332595274,4.274171248918518,19.980688177966233,48.641023887344076,74.10891571384877,8206,220,Needs_Maintenance
65.91975924478788,4.519479037708519,33.17709015104613,41.04914656010094,70.2777099900205,7251,136,Healthy
60.87696298664709,5.636248919602875,23.80370802573264,41.75358779354568,54.25196629249557,9603,223,Needs_Maintenance
89.65648768921554,5.784253232053249,30.299663151331643,68.34287154009307,75.23980467377352,7052,3,Healthy
72.74223699513465,4.139449994092131,31.386884689790957,39.69076896785672,76.48638916473368,4155,236,Healthy
75.67528204687923,4.963468111608526,36.80329297919326,32.54356242241076,62.04909860132118,5502,342,Healthy
60.75251813786544,8.213405537917795,23.45589800440444,25.08130051251841,73.36153234315994,9381,228,Needs_Maintenance
69.55617275474818,7.591314755151068,14.902439220895873,48.0015872530645,63.14801410072641,1772,142,Healthy
76.10922589709867,5.654485504511048,30.919247723768475,48.927925935190515,70.78136301398668,4632,9,Healthy
63.490064225776976,5.057005217252301,39.00255590755427,70.45452262417443,59.88401274436028,5024,190,Healthy
78.75698018345672,5.1800469900773916,36.19473176469719,33.274321786763835,55.655148379723386,6185,350,Healthy
68.99361310081196,5.9202769590956255,31.048297076373128,42.859476420103995,66.93746248309625,7834,165,Healthy
72.08306250206724,3.4658111522023916,27.541819071839765,68.50434433362145,69.01016842980131,4964,139,Healthy
68.98293387770603,4.613935193864982,34.03561298318655,69.41741664493841,66.81856245108317,9416,276,Healthy
93.52278184508938,2.497123889183616,25.132269001477656,43.076664558726094,60.52775553421952,1321,291,Healthy
74.86502775262066,5.598834683907919,32.3817888467811,47.547441397200856,66.8008075029509,2960,53,Healthy
64.422890710441,5.970793909554112,32.52735079583314,38.197153450956975,72.15435802064587,8528,175,Healthy
83.22544912103189,4.275220306550939,35.3010495374944,75.95329270515873,69.6408557590197,9436,110,Healthy
62.791563500289776,7.360980144935049,43.79830019455539,27.118625944494816,71.46000824479371,3353,203,Healthy
77.08863595004756,3.161351505496488,31.962079835893835,76.0249653800882,64.63907839636613,3882,136,Healthy
55.403298761202244,2.8034376796852696,27.455181871462507,61.031987110120596,79.37374331772928,7057,4,Healthy
61.71813951101569,5.336677727839958,29.87212843904003,51.89432916120387,60.59061330756175,866,155,Healthy
76.96861235869123,6.570647453918232,21.15462047555441,21.95954364706975,73.90048237669374,2781,172,Healthy
82.3846657999541,7.525891537186803,26.52643434455471,48.5357715093205,79.4551287436797,7810,358,Healthy
76.7136828118997,4.31167360569659,27.95358780943448,44.46488630016394,73.84726474199117,7582,47,Healthy
73.8435171761176,6.618021250146944,27.379558010327038,29.673128718507353,68.37980618348136,5186,94,Healthy
71.98896304410711,4.9422372957489396,30.76177436016861,59.38457621003941,65.77362362669616,8064,48,Healthy
60.214780096325725,4.74105905008877,25.887900338088997,78.26905444209714,78.28870120837004,2765,240,Healthy
67.80155791605291,6.3254899062300085,35.60515333662236,53.73132866387151,58.61620059790661,3613,347,Healthy
70.39361229040213,5.978484317620129,30.001035324590987,62.88519658663675,62.23900591696285,595,213,Healthy
85.57122226218915,2.635411764523626,29.953498394306926,24.107027153961006,66.81953787606624,5922,340,Healthy
78.43618289568461,7.214810524588843,28.36052641743541,45.06001974901969,79.90123006009598,2172,324,Healthy
57.36959844637266,7.0701370312211775,30.775953419294897,26.98150910986975,73.03814108832717,7895,139,Healthy
78.24083969394795,4.061655947735706,34.125491323338174,56.76775013219063,62.25563393191804,8629,205,Healthy
71.14917719583684,5.593705300156113,25.664348921445498,76.30892949284927,67.51753835692077,4049,73,Healthy
68.23077999694041,5.7410452794241085,26.709417554623716,59.70666394829831,65.08541484722964,6133,4,Healthy
81.11676288840867,5.391010648735861,28.481369856116675,24.60818289886529,64.32168806213171,8428,76,Healthy
85.30999522495951,4.174542269231869,23.270645382633926,41.27997229910497,77.83111646845424,2655,329,Needs_Maintenance
84.31280119116198,3.9925649480929226,25.903710701392512,53.03980276645109,59.02605496589196,6470,77,Healthy
66.60782476777362,4.961668893512832,27.618895632276704,44.19246536799513,82.87024684587499,4515,304,Healthy
71.90787624148786,6.759093528889047,34.371945903563635,70.01864062851034,76.62583752147698,6059,256,Healthy
78.31263431403563,5.8154002318916485,31.312806645009626,68.88026028259935,78.72689336482958,9207,102,Healthy
84.75545127122359,4.444078501870841,30.967949556837723,56.70986120619329,66.29648390379793,6093,106,Healthy
70.2082576215471,6.157548065972517,34.25448981083986,42.40747670796232,68.80047424736712,5121,333,Healthy
73.14341023336183,0.7271860690548868,29.313141058003016,35.32018242579465,58.5347854838023,3007,39,Healthy
63.93665025993972,6.723148550558156,31.952324249644448,26.35245909278776,65.80270074346558,3014,314,Healthy
63.037933759193294,2.3904293318328507,29.48389123533752,41.29386100919324,73.94923878114521,3970,275,Healthy
83.12525822394198,4.456338587895302,31.326811746998143,44.79035103246317,80.36850449425117,9290,88,Healthy
88.56240028570824,3.320495158060784,27.08620671194209,60.54937550624442,61.14274546558039,5185,211,Healthy
74.27989878419666,3.0579777864186415,17.805914208617857,59.48958945785441,67.07595250411788,6646,77,Healthy
85.03532897892023,6.741240181067779,29.32860418906848,24.206488378475417,68.78960623813983,495,77,Needs_Maintenance
78.61636025047635,4.298448198032163,37.1137406804997,43.715558925869466,58.833686382460115,1038,28,Healthy
68.54880245394875,5.519755822596074,34.631077011207964,30.906732033041713,74.73079393406721,9928,245,Healthy
78.61395605508415,4.929619131681224,34.82698742295585,29.40876231900834,64.20807734605913,2610,66,Healthy
90.38036566465969,5.715561240834682,36.18065360903109,69.63812898423475,68.43687719058381,4736,266,Healthy
74.64173960890048,5.115232836590383,30.443287954807186,22.51491300297545,66.38440502470498,1749,205,Healthy
90.64643655814007,3.075511663717146,30.986578537027977,45.15097255412728,63.68529195424261,3790,58,Healthy
48.80254895910255,6.49440022917071,26.91174052282825,30.09221934599109,69.94364011615556,3535,201,Healthy
83.21902504375224,4.259365125258031,28.41963571986475,72.75981294070844,68.27512337145582,3301,225,Healthy
75.87047068238171,2.665127152010373,33.07885574885571,53.422430796502105,67.02513694177068,4279,142,Healthy
72.00992649534132,4.357827258551131,36.01942218584408,33.88283818261088,64.17230702655726,8505,84,Healthy
75.91760776535503,7.2511396859514665,29.302768621595003,50.14563722998258,72.55619736626365,3337,143,Healthy
55.124310853991076,6.27533261317024,27.749053675742942,63.88918158218695,83.22893814793828,3962,352,Healthy
72.80328112162488,4.477021798388211,30.002639794282988,77.48708053516603,71.11909786271302,158,33,Healthy
78.57112571511746,4.476113443522356,33.00603374464558,33.226760254725136,77.96894571928902,5038,152,Healthy
89.77894044741517,4.5175474231739265,22.78072591933229,73.1709063277607,58.8782245987723,3071,158,Healthy
69.81729781726352,8.11512197534126,18.51909523431381,76.05824685004941,71.26209151435016,9819,141,Needs_Maintenance
66.91506397106812,5.57290317834733,27.247315752542082,74.98523267192397,61.221053448231466,8414,251,Healthy
69.98242956415463,5.645062470786605,23.896437870429207,58.12486141171459,58.18460057974479,9728,303,Needs_Maintenance
84.15402117702074,6.545425181047763,27.459299011763445,57.78923926608246,64.08502874032772,9454,112,Healthy
78.28751109659684,5.35818373853977,29.26109840591264,44.192637991029365,79.53519467530859,3445,144,Healthy
69.70239796232961,4.611436781268945,27.733757954884933,65.14387293822728,77.60012662935716,2586,209,Healthy
80.13267433113356,4.705475226372533,37.26233767235372,51.877641101055914,71.9440377764352,661,224,Healthy
75.9707754934804,4.892598110878904,31.6337238230116,60.64628427369767,57.73839552088055,4081,43,Healthy
84.68644990532889,4.944166645235238,31.502371798054142,45.70747423092773,68.4297547888965,6361,264,Healthy
67.97946906122648,6.09144431545547,33.11103572021701,63.88978784258834,72.41360007121388,1837,244,Healthy
71.72337853402232,5.077918828710949,24.305834411096154,69.46829105627295,71.40428983662878,9196,3,Healthy
71.07891846867842,6.098960115823369,35.195558937101346,28.786175396168968,55.24965133215403,3654,125,Healthy
60.364850518678814,4.878925129837127,29.6211785673227,69.97578293445369,62.87745721584103,9226,268,Healthy
77.96120277064576,5.117952785474136,33.35240308620606,52.41779190741843,69.48737788681026,7195,84,Healthy
77.6105527217989,2.0026989732018388,24.64071383479922,70.67995454541347,74.29032727613752,8366,16,Healthy
75.05113456642461,6.374491512053722,22.23120616991968,45.878102380460874,52.43097743120043,394,334,Needs_Maintenance
72.65412866624852,5.519732713846989,34.08944829012514,42.7424291229821,68.70300819616114,8312,59,Healthy
60.84629257949586,6.497015164789478,31.882047630487584,74.90364395103335,71.14439015903162,9330,177,Healthy
70.79354677234642,0.6556169327094663,25.48974222821245,35.07015605290408,76.7968959081297,5430,63,Healthy
71.57285483473231,8.132562057171091,25.651684593626527,70.65273951716858,75.5428606738995,4755,49,Healthy
66.9772273077838,4.790615557767239,35.62717392207385,49.041234350564245,74.66057055047044,1209,307,Healthy
73.3871428833399,6.662274225106275,24.05294053566336,50.84572655307558,63.60047594638453,3871,246,Needs_Maintenance
79.04050856814538,3.440141109311704,38.21336476627982,38.50809688936904,54.735982903013536,8663,289,Healthy
93.8618590121053,5.919160857593854,25.496896326760655,54.38253203714094,66.85557794350879,6223,286,Healthy
76.74577812831839,3.419876655239516,33.191959628041914,39.512671776572674,78.01305460166849,7747,332,Healthy
77.57550390722764,4.064346558956292,28.356907621255075,22.356164854499138,81.14763622019545,1274,15,Healthy
74.25554084233833,7.871047030800179,33.01593715541171,36.31991632066136,75.68439281838228,1264,338,Healthy
55.812287847009586,4.71397639885498,27.279429989429037,20.38274260439544,73.43472658241387,9384,255,Healthy
74.73486124550783,5.326149309769584,29.18603546963853,78.7012872234114,73.03711718708773,9575,92,Healthy
75.60230209941027,6.305101596033131,30.204595876978605,77.94483258918484,65.55105002591375,9137,279,Needs_Maintenance
99.63242112485287,5.743522831958907,24.989062721092637,43.7093178483383,68.95951765157103,8812,206,Needs_Maintenance
73.07639035218878,5.225628357715364,33.70412172710063,63.70225126037876,83.35255620661064,4566,94,Healthy
78.01547342333612,5.547441503699338,27.433932167642073,40.7483659046255,62.45953595366499,5638,225,Healthy
74.65288230294756,8.605123377857414,28.857000423299908,60.265589425158566,82.9182303256788,7211,301,Healthy
63.31321962380468,4.913571804449622,25.028253126957438,68.32580258275874,67.42377476406354,8534,318,Healthy
86.4282281451502,5.301648570072452,17.188331706023448,76.80537468153445,80.60345687276063,2900,199,Needs_Maintenance
82.51933032686775,6.575981594011418,29.044861186999157,44.01273655098032,58.74547992401969,4707,271,Healthy
82.91031947043047,6.658288899436975,42.063077108064576,66.99787897736286,74.68723360931719,7362,234,Healthy
65.9061254520526,6.78054545834057,33.92302143949012,35.95570703792713,64.10583891241902,1641,46,Healthy
89.02794310936099,5.958095333043777,29.903698101328025,79.4199382276189,58.6778624646065,2865,64,Healthy
60.98148937207719,3.2854926309042747,28.68554585395866,21.546175925861068,71.74827233928757,4591,230,Healthy
80.8685709380027,7.450147298451644,30.11232946406023,56.21172839006726,78.07577430876775,3183,249,Healthy
96.90455625809979,3.280481910471968,32.73559557587605,59.57035889907963,63.24046849125203,5456,246,Needs_Maintenance
65.09463674869312,5.453953197858549,24.095935923455777,61.28273342444773,58.007872316332794,1957,75,Healthy
69.33702270397228,3.8685862249709633,35.57160847334436,27.223254727345342,69.26524188532036,869,157,Healthy
75.99651365087641,4.9037924801105115,33.57690657720622,76.31178700838782,69.30051736978255,1522,223,Healthy
69.965243458838,5.493143615455221,33.59092862853967,30.870996743004966,74.38655702043599,8698,190,Healthy
59.493365689338674,5.482035823175409,32.192378694048635,57.365204194390465,77.5967565709159,3072,52,Healthy
75.68562974806028,5.632881131352927,30.09808328846995,33.3605647473851,69.52467854982005,1972,88,Healthy
64.37696286273895,7.420566903587971,33.3643061798341,38.43298502127625,84.8440265183541,5699,313,Healthy
79.73592430635182,5.68030145227097,32.95907066870689,52.78751250368746,71.79387795628233,2369,339,Healthy
65.80575765766197,4.633765047064027,28.22979644529488,45.03160511387459,67.2285879519448,5375,66,Healthy
90.4993440501754,6.446130752432536,27.131991135515495,29.613536058590377,57.10746112717737,4849,150,Healthy
67.16746707663764,6.784205733386961,30.509281476309933,30.2561841452509,67.89872383747065,6671,20,Healthy
71.77938483794324,3.1585882772945113,37.74510075747594,45.088687289767975,67.3089044367109,9473,33,Healthy
83.1351721736967,5.896100104774787,23.804464621730496,65.43697869653005,77.68243837025176,5172,328,Healthy
62.69135683566045,6.051759113466348,22.662373671237802,73.87787881086732,73.69986899253483,9731,281,Needs_Maintenance
77.2745993460413,4.553654744960012,30.823804206182583,25.04765973556297,60.56504702693906,5563,46,Healthy
88.07142754282428,7.063560219967429,30.25443850928009,43.58623445356406,71.3780350912883,7550,73,Needs_Maintenance
58.92516765438772,4.77491661945121,30.86670832185204,26.014733823372598,75.37224937383243,8520,354,Healthy
76.84633858532304,5.188364680207314,31.219765989542502,20.995548837955873,82.22425087510265,4059,313,Healthy
77.59882794248423,4.740392263574195,28.883988726825976,59.7031209586374,77.10003173931247,1413,343,Healthy
82.81822871777311,5.023368571372202,37.44931719301041,56.14696651799527,76.08677323449183,7947,133,Healthy
62.63049289121918,3.355587369657197,21.99548010761742,29.78114682889317,70.48068795692132,1170,55,Healthy
61.795433869157236,2.8399236761085582,25.85751487609877,34.02876998558385,73.1064960433876,9266,61,Healthy
80.21941565616898,7.3917575948374585,29.483726199254765,21.422465218671103,79.99603920564927,3385,345,Healthy
77.96984673233186,3.729557977522508,21.784055944229163,70.09683234166422,59.337780820162806,9049,8,Healthy
77.50492850345877,3.5129114758155393,29.120727977839643,78.4814357629131,67.20448538226435,3195,272,Healthy
78.46448209496975,1.7699148295944278,38.30735082864009,28.127572207681446,63.819450009950074,420,246,Healthy
68.1997527842151,4.041557378465747,30.10443244147981,33.888512825917886,73.033224949809,2421,176,Healthy
77.32253697161003,3.0153653098887525,31.153504528593416,72.10457143681604,79.8417774052063,655,116,Healthy
77.93072473298682,7.463022740204554,23.6991761741371,75.5878278773711,65.2242057062314,5039,317,Needs_Maintenance
67.85648581973632,6.514725634013951,26.918192959802614,45.17764296840862,50.87756506024449,5532,271,Healthy
93.65774511144757,3.9677744822334144,28.124018098380315,23.037348336144447,66.70223403980424,1486,193,Healthy
79.73832920911788,8.378653708016463,28.41142451621883,22.363510021569162,77.30778985613925,4863,150,Healthy
63.08696502797351,6.472648230487391,36.40821897501884,54.436991964140624,74.30103922359903,6954,131,Healthy
81.5655360863383,4.512752924737066,32.788455303625625,43.57370653359074,73.4254899824846,7737,102,Healthy
65.25318329772679,1.2508914276896403,24.44271021531484,21.719145654659272,67.76005358500416,4941,310,Healthy
82.87084603742451,8.436413858886112,31.232523892160025,54.9951435387534,59.76775411024171,3967,270,Healthy
86.58595579007404,2.915641299854606,32.491108742483924,20.678152195341347,74.12235457299573,3893,292,Healthy
66.7931768164829,2.5319018795646624,35.700745192606334,67.24231748895639,63.325745519723,7473,210,Healthy
84.63376129244321,6.533855648014461,37.90270343284187,38.385969362202296,87.47277386704366,2613,361,Needs_Maintenance
79.12780926936499,8.659628609508909,24.924529040860655,22.415480180553928,74.56405766683613,3903,338,Needs_Maintenance
83.2206015999449,7.076409227765778,25.94571244394831,55.301133258989196,65.35481357956839,2427,67,Healthy
93.96792982653947,5.84586368007854,23.71211070542692,43.86106486598328,65.10891802089097,8909,10,Needs_Maintenance
72.5461188399713,5.892131512497929,28.829900704465093,78.42802480142896,69.2564463470913,2265,49,Healthy
67.4626383564251,6.280123338170462,32.331791872231676,52.651919750222135,68.083984623826,3408,111,Healthy
66.10485570374476,6.138392884680147,34.93667258294551,36.514350862220496,78.93467020423964,6552,321,Healthy
66.84189715034562,5.421787135954064,29.620244881787386,62.56633187803848,71.49132935795237,8167,219,Healthy
74.22898290585896,5.156301655927814,28.40076238372578,36.28952015256268,64.14694608873178,7742,57,Healthy
78.41151974816644,4.9061103081507165,30.758789961243703,74.25459748445391,85.12352548124626,6504,283,Healthy
77.7669079933002,3.8690531166999858,25.824285491849885,42.483318230442585,70.39446665216178,1092,113,Healthy
83.27183249036024,4.578987384699839,40.44769360847387,52.99211376657232,76.15071740775117,5524,133,Healthy
75.13001891877907,2.460564778706922,21.961694864409708,23.03438622945373,65.13418794044193,9669,71,Healthy
89.53534077157317,4.852490559807875,30.923702894478623,45.56727427713385,72.90492502195619,4481,83,Healthy
72.35343166762044,3.5171133392736236,40.1180310961482,69.9418123796597,72.48887992914557,3274,57,Healthy
102.20169166589619,3.344616024176344,30.033999222799988,68.33892832180052,54.882805663230776,4882,349,Healthy
81.25667347765007,5.269841226730218,29.049804824992528,33.45911353121157,86.12220088368512,9597,271,Healthy
66.42842443583717,7.088003429516899,28.212772885947864,33.56474426063376,80.32515568738037,5660,111,Healthy
64.29107501938887,6.377474909003469,29.09804159118796,69.03831873279421,66.8224374708321,7560,357,Healthy
79.82472415243186,2.6442490945652346,36.86424237338265,75.82390521015952,61.181842076353156,3178,76,Healthy
72.7653721467415,3.5155577951444936,18.940690443352466,25.72165527638021,72.78049291042842,3083,158,Healthy
82.14000494092092,6.411156781982324,37.66716850648163,47.00351836557351,70.69358159531517,7359,20,Healthy
79.73237624573545,3.5262689096925355,22.880214237749275,40.24725673785374,72.84535158850584,6154,131,Healthy
74.27171087343127,4.663050275004463,28.666738353827927,72.24130732744635,71.53261916955272,2623,329,Healthy
66.53206281931595,5.825078148536828,27.853777898506692,25.011494880801127,74.04992791444741,9777,122,Healthy
59.851527753141355,3.547483317704547,32.942766348853596,32.66755655348224,81.57844559513445,4681,41,Healthy
70.53485047932979,5.15806325921894,22.009378240581263,65.14810025518966,74.54482564102916,5709,167,Healthy
83.56398794323472,2.9989617576226935,32.31086333040972,23.077630938872936,61.60275600872047,2101,130,Healthy
77.14093744130204,4.097948534073179,40.12154811643426,49.55212284285736,80.90050282169962,1487,23,Healthy
62.542612212880115,5.479672901213806,23.184129977035948,46.5264220807832,83.1249165079063,6652,279,Healthy
76.73180925851182,2.610509399702496,30.94853083805198,40.06407073932492,95.21645387609668,1130,251,Healthy
78.85317379728836,5.660712106940599,26.690089111016956,43.67433891913542,61.01204773408322,1320,9,Healthy
66.16142563798867,4.970543301609978,32.12943603096518,51.79643521581397,71.9430561052022,6135,13,Healthy
76.53725105945527,5.828734931625721,30.09573888707876,29.682041503302987,53.3432103744881,9910,307,Healthy
75.58208718446,5.335871201096992,26.79256545477845,54.319752697015566,74.42519325103368,9555,320,Healthy
63.57029702169377,7.046210644960766,32.43936142435537,68.32593975799918,65.61439761466582,6623,52,Healthy
78.57787360348283,5.187836753971861,39.021740548933714,65.60965578740954,85.38756635859963,8174,209,Healthy
80.60784526368235,4.355891688312121,29.045481041363505,29.233994281626423,63.80308023985135,9163,38,Healthy
85.83051243175277,5.183446254548426,33.59878971074091,28.954968184488436,56.48653569626191,934,100,Healthy
85.53802052034902,5.814947043554582,23.53363521064418,36.0904620646948,66.22989007437984,9210,193,Needs_Maintenance
61.22330632042909,5.073290105488557,25.217818115909957,41.66448358046223,54.1960978302629,1824,191,Healthy
65.62174960084877,5.060887536805824,32.362031389401885,44.50733488450896,76.00879563605848,6698,51,Healthy
80.1503526720866,3.947012468289867,37.420580142679825,60.78183301000072,53.47933562994943,2513,141,Healthy
80.1378595091221,4.0056486236735775,31.7780667439283,23.400825929950123,70.22766064946526,9605,168,Healthy
80.15047686306048,2.8960920923004596,28.434709847384227,22.080362253563983,53.377505441150426,6093,311,Healthy
113.52731490654722,7.624365114780409,29.99645702711677,43.51463377663454,67.43761756370687,4598,109,Needs_Maintenance
80.70890510693167,3.1342051469130725,23.747961330151412,61.82982152827883,83.14702524643627,2205,207,Healthy
86.35565640180599,3.960642203306139,33.022576631776836,31.606120577388953,72.88518313148636,2668,300,Healthy
84.54001763493203,3.922389101646204,34.41166531161704,58.4902688753751,63.092051160280526,9430,110,Healthy
81.51391251305797,6.342386565416662,27.7395483358346,35.58968827641797,69.75037208848732,309,196,Healthy
71.84730755359655,4.557575482561958,27.649789261202493,73.16516652881097,70.14413497635557,9356,152,Healthy
82.58969220493267,6.8716131090106005,31.329391148260243,73.741396655997,73.78104276674725,5011,243,Healthy
67.27174785462428,3.989764063634197,27.816401319797023,37.83723225687959,59.06513309375339,2320,128,Healthy
72.63181393259991,5.418491243335703,29.669336926870887,33.79962523779443,74.74053819077865,333,105,Healthy
70.14636452170896,3.746979420110364,40.49860894583258,44.67823832397387,48.3648669471778,892,10,Healthy
75.81874139386322,8.217723691660083,28.76487149627002,34.431895110808924,64.96092358108952,3210,356,Healthy
98.14658566673509,3.218602371455731,28.20829923989389,60.34303059750222,66.09380926038764,2266,148,Healthy
56.32734807408252,5.464731065340541,26.762290971824203,69.56388107289713,75.0666146085699,8626,364,Healthy
81.86260190374513,5.950665321398148,33.720959857499686,60.38552785467302,70.18104682141495,9651,140,Healthy
58.87284128810349,5.620698646177248,29.093879133909486,69.46102683496096,58.75549556914971,5293,190,Healthy
70.28068134210567,4.722068511683437,26.753134808392872,43.819529732448444,62.12005499346388,1314,94,Healthy
85.88950596967366,4.805268950399861,36.60652016136506,29.37901824253165,71.58944007637926,4519,229,Healthy
75.64280019095463,5.065717207968665,37.098015022568184,64.27705684385552,69.36746126508355,7414,63,Healthy
64.22255222070694,4.779496997557267,26.997882171306475,41.628470308493235,65.36700712291403,8575,340,Healthy
67.84696290740033,6.445818675192364,20.66730024319692,60.27624951374795,66.15332968390416,312,25,Healthy
81.79597748934675,8.315784502387027,35.03756844918461,36.23863651890594,75.56934397727431,1758,268,Healthy
67.69633368282864,4.16376232248825,26.57685087119998,24.87377808840036,65.85845941704628,5124,281,Healthy
77.16458589581976,2.945295530631383,33.953127995813844,79.5549077292658,69.29527004776742,9709,11,Healthy
75.45571839903813,4.8675769274731175,20.149480911440822,29.372090475835957,87.35949270464434,6017,320,Healthy
68.48399652394183,8.869564006481479,34.462986691496546,79.30525963780886,58.61053890492862,5241,201,Healthy
96.43944089325325,3.794488148045404,23.944140353596094,78.63679595398685,55.185258147402735,1894,126,Healthy
81.33919022318011,7.458675208166101,33.653820595332625,67.62908623448237,76.26871731838885,6088,306,Healthy
54.74857413342393,7.516551221114661,30.071365339182172,59.565377724919855,64.57085550964717,8396,190,Needs_Maintenance
76.86454314769428,4.169617637438008,25.230302903016778,54.66842301506508,67.45409977805903,5678,89,Healthy
68.38213535231613,5.853474618777913,27.964818435366098,71.96609272267008,63.75074897495109,5651,355,Healthy
83.52433334796224,7.442594934692807,33.431592284783505,37.36637129716928,67.9215988738599,3945,116,Healthy
67.07479261567299,4.43130838851877,30.52947226557617,48.060872749092624,82.78830489677073,7006,352,Healthy
73.85263558533102,4.694629459846458,32.92206490236242,57.163398161990116,76.41702766894495,478,177,Healthy
80.04987278980457,4.127478629077034,39.88220292257743,44.671428552169466,76.89778809509582,3393,14,Healthy
83.65755194170121,3.4778649039606995,22.178791941444743,45.64918724541608,58.67018355365884,3429,257,Healthy
62.997035929442234,4.026083682400989,38.08606287484312,39.817080050125064,60.790770107577046,4908,209,Healthy
71.65498764159051,3.164089599856615,30.521779687616064,53.85390900107216,47.287370724116585,8037,281,Healthy
70.25054688839043,5.051125202388839,25.50607975838436,71.03447168090696,63.52495343133797,324,328,Healthy
68.46670767426288,3.8450401534120373,23.348431871305053,32.09170268037877,77.65362549108526,837,325,Healthy
92.65454240281096,5.350678867686121,29.054398046114834,76.06598232520648,74.13557212598697,335,105,Healthy
79.04981710960955,2.666156530694559,34.6082505596223,61.34525922489378,68.22789389638301,811,147,Healthy
62.391160456649544,5.496320348321685,29.362254398112327,69.3963927608018,69.82159773025558,6088,279,Healthy
84.17861947054776,6.250293442413387,37.55577465123674,53.3714415578007,64.48891565939675,1988,9,Healthy
96.22156197012633,2.009396536142817,22.744121549742204,66.77100208544381,71.63807105921427,7273,118,Healthy
85.32465260551147,5.561084854771358,29.939555260769726,20.97202384036803,76.12702623584492,1359,94,Healthy
59.80630034045987,6.841503488709938,23.738032777934404,69.1028254867721,57.07290570071622,5346,144,Healthy
70.15765927133748,3.185538471963192,31.81815941312484,22.408331545121992,72.39718150269879,7371,289,Healthy
87.66911149186623,7.508858580256555,34.4344369504865,73.39480258177176,77.45947896763734,848,14,Healthy
67.92330534381219,5.6285285140490675,27.896191031594732,79.5177648343186,66.67919768829304,3651,257,Healthy
79.43819428146229,3.9424822163623867,16.97893071686433,37.64404773060667,75.60560489696466,6500,346,Healthy
82.74634053429337,4.916346383513441,30.99474073398247,32.61911337714762,92.51723555578042,6743,186,Healthy
65.73069528421917,5.837490368782584,32.18369275866755,65.92180183148244,69.16525765610487,8801,345,Healthy
74.404746439382,5.114008087118617,32.02147377480849,35.1815804552152,73.1464564000426,1923,207,Healthy
42.58732659930927,5.808133988669554,36.17891095911077,71.9337429903322,64.09554333070886,6952,346,Healthy
64.7561235866571,3.6189896103809507,24.644731601754756,26.170555529448603,71.4500093008164,7877,172,Healthy
72.4743184860684,5.254041236054117,33.40108052725225,27.557311782761495,73.68217299985844,4332,270,Healthy
62.52216818035151,2.8794282546425296,35.962537562389876,78.74909330603694,71.55873872216111,6619,221,Healthy
91.32411303931636,4.83316090797695,21.107062079967417,60.43033389620028,61.84243744232914,1877,152,Healthy
60.69858622039367,3.6441385378028155,31.598259129594886,70.81323346573717,71.6508941706036,1322,111,Healthy
70.59955513303017,3.8967050861153503,27.479100844961643,39.45976264109108,81.69756750974109,7730,183,Healthy
76.30740577286092,6.854139762815656,29.59238663449177,60.58902497123626,73.58908611611622,1877,339,Healthy
89.41273289066116,6.636965180891403,31.738382417691682,55.65450963851583,77.69589751257473,9596,72,Needs_Maintenance
60.6413784882056,5.913707181360765,27.56385717943224,56.18900720737682,68.10390423989898,7590,283,Healthy
86.63163752154959,3.3615308529911316,26.62145960419194,60.95194757226329,75.99920191538969,4959,74,Healthy
75.10233061019586,4.525387325457797,30.170762087440124,54.52155038774591,72.23414270573221,8993,355,Healthy
65.18491348952048,6.819646549968775,24.563770305685985,45.74374215815996,62.392714162502145,8218,215,Needs_Maintenance
79.6210347426327,5.212575370459857,24.570874355574073,36.55536166283281,72.548168038391,3089,328,Healthy
76.9905969557347,8.478994309972542,33.396866414782515,66.11487985479212,62.06642669247751,8443,23,Healthy
68.99783122841205,5.589976759091558,24.25602982420672,33.57634580019117,64.93695780092166,1425,68,Healthy
75.69802084990019,5.288073674735047,33.331562504546056,61.54125836926485,71.514626458339,9593,362,Healthy
71.14686403138239,4.536325303696248,32.31295646426975,33.999969358959596,72.377954187041,5227,93,Healthy
76.13517345251248,5.200311357173423,21.370966356047017,57.51981019726723,60.486140279382965,9098,321,Healthy
81.62130674521046,4.771295245429184,26.612176738321725,64.82469602774174,78.43188616946301,2822,324,Healthy
90.86016816145352,6.062163015032885,35.97054701523686,33.122833334392354,74.57605022640378,4756,63,Healthy
62.62184501173151,6.435053475191876,25.09417234430159,23.596598051678498,64.36217251511293,1425,224,Healthy
96.33033374656267,3.8210158092380757,27.677978688453063,27.858424579650446,57.699321628406594,4233,225,Healthy
55.47912200477498,3.003150569663333,32.31030446625948,56.35981803626153,68.84076336734854,9451,346,Healthy
73.48214904964416,2.245691940345055,33.91695254641298,70.96678437354413,66.43245028911072,2969,337,Healthy
80.88317206484577,5.761986990368816,28.74230556977752,22.699809274125464,70.90512365642418,1342,103,Healthy
77.80991867735032,3.3449500907391894,27.01244902654179,64.04907554249877,67.09506671075548,8639,215,Healthy
68.77300480179406,1.7706641105712757,37.11184930849254,40.47911875700313,53.94034511403992,1931,192,Healthy
72.91877749642725,5.582867906796446,38.6944983189879,48.711702195171355,66.89322449359074,1669,160,Healthy
70.06999065341168,8.739499276149186,34.89429025390898,75.73157299073394,67.55504711145349,7346,207,Healthy
69.10635243055789,4.99089363269016,30.42659071282512,39.91829028415073,75.06928819819247,2018,269,Healthy
83.49602097021025,6.257736161677463,25.95867139179537,47.92021603636916,64.4144026031116,6516,194,Healthy
78.57015485965047,5.122744037821348,25.847777967217173,20.820944885640866,83.42939738698053,3332,152,Healthy
68.07090404739346,4.851665520213286,32.61257052632879,24.8959232002903,54.70687559478594,3858,237,Healthy
83.9959987543325,6.378614724481653,32.091991104443416,35.51549546808704,80.489339982421,6097,88,Healthy
78.07299520876609,4.564588183717023,37.007992964732146,21.671134449264464,68.20544823297516,2455,11,Healthy
83.1286211883896,5.401088471107855,33.25225046268069,57.882519562895055,76.87667897874844,9689,187,Healthy
81.29628841923612,5.48254670929402,22.48459849120091,45.58390140809735,70.63841187246986,1924,214,Healthy
66.71004989077927,3.997864319535427,35.25973808861459,52.88871216368132,79.11644428820375,7380,15,Healthy
69.3981895980303,6.488063524304784,25.009696863427934,30.478831153779772,66.90110428357751,4160,266,Healthy
82.47293605123262,4.737560364956887,28.08014364023824,37.75592176619696,61.2110365985775,5424,297,Healthy
81.10370265433465,3.8663822607607328,31.251001031258472,59.82946849116351,81.3640342981685,504,73,Healthy
74.79098406035853,5.804764765355605,39.978337448919824,77.91816341782399,69.09215483294287,1821,52,Healthy
76.17327383308782,3.652298027313444,45.549592780026806,23.025006416132552,71.77246778899368,5416,128,Healthy
87.77664895788425,5.042271736053692,33.03361529568092,73.42305925131596,79.87801531235836,3945,28,Healthy
69.0842861116417,4.986321505033695,29.084016906398062,54.61287207867251,61.74435806324452,4310,65,Healthy
80.47097381170038,6.628843348747367,32.67252824240275,53.83517400533742,74.76392718111406,164,17,Healthy
72.97807347566106,5.7120473493199295,34.43827712936918,50.01671211246562,65.28084194829687,9591,351,Healthy
72.82318796772779,4.962459561882284,28.396661872214043,24.163645154251004,68.94264515484502,6482,138,Healthy
85.9877685198719,6.226649448800431,38.97605677956161,25.39261110416964,70.57823172307431,9707,319,Needs_Maintenance
83.2541634898803,7.0853113235259695,31.15035379595701,56.05472033954516,57.99822510842451,1068,229,Healthy
83.13509636000639,5.8367154595277935,32.48871544545697,40.4575142861335,63.769303657436524,468,254,Healthy
88.05478807154329,5.015528929765071,33.329621260272305,75.03608399466084,80.80858313930511,8524,210,Needs_Maintenance
75.21003841632759,3.032245651474761,32.10793305307228,44.39543224156834,77.08952950867837,2342,294,Healthy
81.81952971294965,3.402329505386941,34.194702502348065,28.596887522158465,69.49888338138211,5102,231,Healthy
71.89733243406543,4.542162943467998,26.913734067265384,62.88313001012216,71.94498766810314,3183,241,Healthy
78.24166352488442,4.0857316967610755,27.208491230269846,37.60120528646059,67.64605995490834,8173,70,Healthy
73.69856945632316,4.7195430455218315,24.499228835141526,51.52821844135359,80.85266708662385,9212,104,Healthy
75.96995964992718,5.084974887345661,32.19750615310113,61.8699671303102,68.3971793776467,8980,204,Healthy
80.95157025436913,5.794539131535096,33.89468251756057,74.01584667212423,71.85473673707878,1569,53,Healthy
66.81779316766527,4.894251832911364,32.28886433075943,67.53147168810057,79.16824115313652,4825,330,Healthy
95.9238727568546,5.729752465739303,38.37246216673769,60.581664072363445,63.78102812123275,4359,54,Healthy
64.93982618500299,5.096711622215181,29.97201990585477,60.777990943708616,82.47031347597515,3722,276,Healthy
62.85811387212268,2.036800150469193,33.34370827796256,76.7554786419252,57.756308722052985,923,335,Healthy
86.58110873500068,3.5909969092718685,24.54149561930343,37.74944584979217,83.0371370489024,3531,31,Healthy
82.91662693962935,4.783868666417577,28.064501487627997,20.066725651771243,67.01859532838421,6628,135,Healthy
81.24119817052156,3.1854578857383387,33.47768878782889,36.317273563891916,68.05841001739775,4251,58,Healthy
81.2834550926428,5.899893094994306,34.24551055371572,33.07348277760464,54.87991863053646,4313,105,Healthy
74.87753227153085,7.296126248515546,28.530165261679088,59.71007510683989,66.36164226097846,7520,266,Healthy
66.02745628514168,6.828142777545975,29.642003740709665,58.02269598593174,61.681547751784926,9089,10,Needs_Maintenance
75.75804558193727,4.679835693604688,22.410631266595953,55.60768296228343,65.13882923701222,879,253,Healthy
68.22838288487888,7.2360892052749275,28.214853995966955,20.974606592567223,68.90151227368897,2992,295,Healthy
84.7511973341775,5.2230011858031675,34.45191581759893,63.72668326703885,77.66233291578324,5634,156,Healthy
73.52942618497862,4.494371043322941,32.876025080532834,39.411824749129494,71.66082681120501,3406,158,Healthy
66.74502803207488,4.079896004688591,32.503328606906045,59.90335934039786,72.46141322720891,3002,37,Healthy
71.78614158347007,4.546295470267808,30.2488684359048,53.3947057101292,61.2358448892355,3818,119,Healthy
79.12931454275625,4.417734772188156,30.03531579314088,40.56385552567443,62.95396728317816,121,67,Healthy
69.36275447196026,5.255624333563231,26.698394302632764,28.074576026246465,84.3898001468105,1600,242,Healthy
66.77779604433569,5.240860971574797,33.49414210101267,25.665133859628856,64.11839172189403,9134,299,Healthy
77.43687211491913,5.004569030230122,32.104864721946946,69.89109998673342,83.24966601645836,3741,213,Healthy
77.44966571108722,5.655407254619525,32.46009423996399,75.10385252489348,68.05551040895307,5312,308,Healthy
69.9305682462887,6.7859694121795116,27.369825786662098,58.98728280585797,70.01830348914804,291,101,Healthy
70.28961694381677,6.4243312031619855,19.23328540064378,26.206046891629,78.56292128183944,8687,56,Needs_Maintenance
77.32049937357637,2.7726530473251447,35.485763558768475,44.12163301329444,80.17513937550925,7274,332,Healthy
60.51915658502676,1.169118297647068,27.605812719957978,63.73635200630943,69.1134995177673,5214,324,Healthy
60.92536225623445,6.40147986685891,25.686121179784397,66.78925304060408,66.89405557182769,4762,239,Healthy
67.81555778747564,2.9496819523768685,33.46739455956997,27.093117337465316,69.55263641182229,4426,231,Healthy
72.86552848288153,4.662851897160975,28.03993680040435,20.001843130722946,72.70366022585695,9165,362,Healthy
78.10907565598005,3.244830460910961,35.29968192023311,62.7282227528363,77.13042949495804,4435,92,Healthy
89.75356216949552,2.2970293436299705,33.08502974788349,41.395770559172334,70.03383887195321,8381,279,Needs_Maintenance
83.5765962320202,5.812194092307182,33.417846616002386,35.268879897095616,74.95109038418524,8748,109,Healthy
73.40061470036574,6.13873274045397,23.170221443997328,20.773848187371527,83.10687785816752,9296,317,Needs_Maintenance
74.80983792097311,4.135234398909921,36.059719926932004,52.41796440568998,73.05047689811828,5594,168,Healthy
64.97470635362191,1.1134365617826352,31.30625265616928,71.0690441255589,72.49322284803823,8636,300,Healthy
74.8148686400761,4.180633327621276,28.153614303768983,77.45789877635528,57.84871339927946,2811,218,Healthy
72.11341361079862,5.58770600810382,30.716942336711256,53.94469703679735,48.95415890536749,7695,222,Healthy
78.22718560338089,2.7816326468388066,21.1188238355084,50.86767966439365,73.10700583384134,6373,161,Healthy
66.72769056447677,5.275039879668734,32.043264057403356,25.103383129354466,69.24140614975302,6384,16,Healthy
80.19346514241172,4.977035226240507,24.853142459089643,52.93236809255598,65.88173860068207,9408,278,Needs_Maintenance
90.32738913002578,5.8689372494016325,23.23664857078233,42.79874473792368,71.94824163349075,8917,57,Needs_Maintenance
73.91239851543142,5.17937055262123,22.388204068910547,56.428116853014615,69.51677016642473,4094,62,Healthy
79.01711722098942,3.540396588677667,35.563441874949625,43.3235808725928,79.02224200507119,1778,363,Healthy
81.90143991711112,6.794857252496737,26.853683031536058,34.417947407022005,70.68888694607182,8514,327,Needs_Maintenance
70.98779528114164,4.762205640459545,37.6686385495825,25.69791651370259,64.02461371943866,843,242,Healthy
77.24092481810416,4.959043190735102,27.32099268473851,38.89510667533374,77.9213299116743,562,90,Healthy
75.12592400781794,3.600098061390206,21.463210212035264,25.798690057265137,68.26295140043038,1668,72,Healthy
75.97676098548831,4.335076623212735,24.417377800256705,30.613817049439035,74.21229346937845,1836,326,Healthy
67.26990216144533,3.6727959289596486,36.179058100034695,79.24016951477276,66.18071435045759,8003,30,Healthy
75.24510174258943,4.740580910114866,29.220509110316662,46.64621341439712,64.80138491602051,7102,359,Healthy
79.9799829124545,7.567562720213515,27.258563517546996,51.91230599030099,70.67334584148557,8956,288,Needs_Maintenance
89.51143607795042,2.9421482856029657,30.80009112926394,72.41711172423292,70.10262914834948,1456,86,Healthy
84.59270826085206,2.5796579031848883,32.50891368083772,79.73413402944126,73.83861628293467,1114,234,Healthy
96.53182457511556,7.206755491240413,35.5869940795123,54.96286696068089,67.85083397352206,1154,235,Needs_Maintenance
67.3265243711195,4.686014484272201,37.24249614946463,68.74842926265029,55.30912172983682,1864,313,Healthy
83.72320636720679,3.996390892010125,28.20115677105457,39.61646146020051,66.53780893129289,6109,265,Healthy
76.83342005738352,6.559857031094115,23.36976156958981,38.34463744683747,76.35054773715052,4558,287,Needs_Maintenance
96.89802933217672,4.091576690394704,27.93267419438362,44.16222325967361,67.62099136605515,9704,327,Needs_Maintenance
66.91701714644849,7.739014570320404,31.30140253291443,60.35043576041895,68.02893277988362,767,269,Healthy
66.60278157819224,6.016888807008904,25.181205368946944,60.931501355305926,77.8910120472475,3470,186,Healthy
69.00607354555977,4.268132887781446,25.214245425524787,38.91436607896705,64.30421418192861,6076,131,Healthy
53.76104275690193,8.235962319898256,31.718939407749428,27.992595448197722,57.657574254056804,1494,291,Healthy
69.74244978319238,4.091427615494992,29.756738242147744,57.943775387930515,68.71495104379605,8390,277,Healthy
67.40867338446301,6.113143058013961,30.163984977057932,27.69955173132587,66.1266083900101,4170,320,Healthy
76.50393786476208,5.448938870609738,26.207523326499654,54.70955049375981,62.27002944197397,7082,351,Healthy
78.4175597577716,6.952611934098197,28.847996428971165,61.60532768337854,68.59697235281047,8713,180,Healthy
93.76170839215887,7.3422667950902785,25.378834278658477,62.0366897836671,73.93204517797427,5699,290,Needs_Maintenance
84.5042383818605,5.04800622359865,34.450992055623935,65.2083266395758,69.92569150745747,3750,163,Healthy
69.23096344337597,3.869873194480725,35.17624667361876,72.37156529393988,72.4558485814899,9424,271,Healthy
66.01585328651642,5.689958214408675,20.76906068880953,49.997539517887304,84.50726158812338,9994,96,Healthy
79.91919171506505,3.983426945371841,25.35244569903795,63.81495137177427,67.25696910753949,3720,262,Healthy
61.797667929793576,8.020080871289935,22.517353724549604,57.150364121950204,72.22678907715736,3290,353,Needs_Maintenance
93.31458765854353,5.204802996624106,26.74988032796551,31.198396387860953,65.92629309920693,8889,288,Needs_Maintenance
86.79440120721287,4.452017673031837,29.582810151048196,21.54137869216449,63.22912224090422,491,83,Healthy
70.30824347895295,5.277020458797363,22.75177390150735,37.07248314061603,65.32073877265785,1175,225,Healthy
57.868654709091224,2.9793105657054553,25.390700934373434,46.582022380257165,66.1699314278265,2750,223,Healthy
88.53872374165412,3.5425789422340226,24.980213139592507,57.026356665719376,72.875806380377,2484,118,Healthy
73.85460154747382,6.800620861916638,31.03633664699472,70.99755983019233,88.79260629360606,909,192,Healthy
87.37816311973462,4.014658581542906,30.34672168518125,31.774743002369938,64.27165250979328,8147,79,Healthy
59.05572341205633,3.4296335259770907,26.391312233313734,27.532987393908627,66.6669975550763,5601,78,Healthy
69.00624977046228,5.804979128790929,30.88410436069699,77.80879684845965,69.49501589511001,6995,147,Healthy
75.05243699718183,6.778556231994496,27.266599577063673,26.482673562584427,73.16639078967798,1259,107,Healthy
75.46980593764742,6.0784299659976,28.641724448369732,48.70946420643135,72.10840649563828,7674,271,Healthy
70.49934528520757,6.494071528708725,38.36726045149268,55.13382372759811,80.27276635158493,1631,244,Healthy
81.22849932347499,3.8648073671458087,36.70230525895174,52.482465254446296,50.58886343571834,5581,73,Healthy
64.32379570617405,2.8672839998872344,23.502093815362013,25.16192942197659,50.90456103843462,7648,357,Healthy
73.57620514978707,7.25200047793323,34.14866208939587,23.421614840217163,66.0329746239188,5076,354,Healthy
76.20295631711899,4.515980241736797,34.05698277245796,26.32900564766214,78.77840150034967,5795,26,Healthy
80.14438834058748,4.623750475317429,24.25868355623691,55.13526103235675,57.47481574715523,8545,210,Healthy
82.11614878088889,6.992291212773587,34.0938882187743,52.66069325805927,45.938941282449946,3648,92,Healthy
63.75357908162131,5.83434501410099,37.68965959206277,34.02444752220465,74.56943524975367,6263,125,Healthy
59.65885829264378,5.683831658122411,24.38727596877793,58.26644851073549,71.94925778962171,6771,73,Healthy
87.7767682189851,8.247503517351626,25.412485894928682,69.20405012333896,61.27833274560456,5364,123,Needs_Maintenance
78.32314011979592,4.034722654429785,35.08830733421751,22.494737590795626,62.11568319423256,1331,309,Healthy
67.51513463443446,6.391760192121856,31.35747655412824,49.887796612882546,62.2420502429226,2523,184,Healthy
90.51151975522524,5.085519687345627,32.757381376197614,61.358624726161416,70.88428253979153,8171,187,Needs_Maintenance
76.15674634292859,5.402888418294886,31.702946082002484,35.13871562418122,64.98947779053594,4361,198,Healthy
86.79297184063826,7.292702639618797,31.95347960464072,38.46625431758895,73.95251135180416,9865,78,Needs_Maintenance
75.67518481410109,5.761753634434435,23.367639358444585,56.81827417936303,47.162986696764875,3008,348,Healthy
95.60747924881987,5.807444118574449,35.23658853310724,73.8761176066242,63.145185078977605,4812,186,Healthy
92.55340842443204,6.608761005964704,35.84794996213887,68.59546521817396,60.9915683127116,6855,344,Needs_Maintenance
72.51035851520926,4.452570905685672,28.85304627965986,54.98781314597501,67.94927457302006,9917,253,Healthy
84.71570950954356,3.7411854989914906,29.78261525093069,63.81330306543495,65.69561793207889,3983,13,Healthy
81.45375949585147,3.4327862089684498,22.34446248722139,41.88934821246792,76.38275023916613,3615,299,Healthy
88.68631557532349,2.0504651159359972,32.57127378008917,58.457931685925466,55.12530582671954,3503,76,Healthy
65.35076539419896,8.084310694910483,32.86028720857072,47.97089546765342,70.36393181064602,4698,51,Healthy
81.8605145999844,3.345187451417475,29.689044915003446,31.396168187453654,74.46669138569365,5108,275,Healthy
85.58424486849587,4.6681195646213425,35.621766799352514,62.10429643263543,84.85317949249564,6322,149,Healthy
57.41260513576886,4.584780050166619,28.329613845100297,53.38787824092932,66.1458722312522,4109,219,Healthy
63.16741487334225,5.461110046713651,32.823029629468,41.51729491721548,72.59566883482013,2835,122,Healthy
54.607678222398995,6.223605818808945,24.901678306539424,74.68035140471784,55.56909765950108,4591,211,Needs_Maintenance
72.30593165555442,6.2907102325396185,29.88223924562881,21.256047069603994,50.86435036549581,8693,280,Needs_Maintenance
82.17542255795962,4.125383842146592,29.12822871048582,38.94638907496976,76.7581950062536,1074,26,Healthy
90.02357052096028,4.749317429320382,31.12653961020471,23.412883866658795,69.95551765081544,323,173,Healthy
75.74094780419775,5.42386992573245,28.152365355833208,65.99163897329763,79.42810151838738,4713,156,Healthy
91.28615545571292,4.62696331072468,29.34263702164166,62.12644724682755,59.01277688824201,6877,238,Healthy
61.198985417851084,7.411018364029989,34.13023585720753,39.88113312417902,74.15921711623002,8527,82,Needs_Maintenance
57.96617560644845,5.7364624274573774,27.81617881380891,60.539774132424384,84.95054272435083,4311,356,Healthy
74.44452301103381,6.102316679074726,21.967114496306603,43.756233571756994,73.35764486685812,325,273,Needs_Maintenance
78.84065448939307,5.994321903001119,38.7479195210271,65.37522748534606,72.21265204472839,8283,68,Healthy
74.67305251905907,6.760210786227987,36.907270393452436,47.25101976420237,70.0684486465948,4377,44,Healthy
54.325578999601234,5.27153233805556,23.538686524471906,44.736783669899935,57.4329483429927,1441,61,Healthy
74.10879960487212,3.05475207806623,33.44853902622597,76.08379492929805,80.84458348568279,4136,123,Healthy
61.95530499495147,5.599531927628963,27.485126147243285,35.05274599344202,65.11313888155948,8501,349,Healthy
81.69672548830039,4.022964659312256,31.317436076655298,27.226840399793925,74.03586605106413,3827,196,Healthy
78.66598246096848,4.207074977375365,31.47112064506747,55.07258679556749,57.49572554742997,4028,330,Healthy
65.60120213672644,5.87954602813264,28.82796099841839,78.15930873705074,60.56432268393776,2903,323,Healthy
69.86133082663306,6.857424607150453,26.081171672068017,42.6703528236312,81.48069919377788,9401,111,Needs_Maintenance
64.40786478111049,5.031907365104092,26.547294738418703,23.72220581772689,67.22158168833725,6658,258,Healthy
74.37320902726829,5.463249518898445,25.41904042259379,40.358316038574046,81.62620380834036,493,89,Healthy
84.55142320501238,7.553322416952857,25.840888958847778,50.355899259173505,69.37415472753186,6939,198,Healthy
65.14273953664457,5.361129769232853,29.664108549753223,29.715380397932822,55.26481781633714,9135,282,Healthy
80.04046515517844,8.902524671270593,26.421200054446242,59.486133083389525,77.13654079785377,9816,200,Needs_Maintenance
69.69742381627559,5.848264468447316,33.4102603285631,79.86496334061204,65.28086145795514,8895,99,Healthy
67.07127167737656,2.3588558612662736,37.436230776679636,47.104368558886634,75.58951050813634,681,27,Healthy
73.92969640045442,6.130012431656799,27.099733793149785,41.283713403812754,70.20168694032066,232,89,Healthy
64.64757677580626,5.571737577324167,31.197022502676884,44.042250010068,57.655054176457035,2938,146,Healthy
69.46350694652818,6.934629131124119,32.49842555151467,26.90877070371207,71.31435812296455,3485,182,Healthy
63.021221074111516,6.009772026904938,32.360011354596374,72.99641608557343,87.5697851372224,3870,257,Healthy
94.6472513291639,4.792316024024339,30.379776339580438,44.889539331281114,73.94389166811567,2368,189,Healthy
75.35263551971728,3.1635526455659515,33.71341209179861,43.236464685490475,69.5398579759563,1075,240,Healthy
68.00274492007415,4.686465114070963,32.41124476340329,59.58141637582846,78.60274721565519,7705,359,Healthy
77.13979910734221,3.7242193186860497,23.81168788836351,46.52200525586741,71.6853477216249,7313,196,Healthy
73.8767195030917,4.129214825292916,34.345780321946364,58.894008128470766,71.67627384210236,9835,297,Healthy
72.79030400466777,5.8828676066309145,34.43645418633371,23.686777407847252,61.26699862272718,2935,165,Healthy
81.14166700043425,7.50485675652711,26.183569479107092,68.82340062333364,71.87078420631678,2838,307,Healthy
82.57507710047305,5.592007294734472,30.18968917723801,76.43023717276415,78.28354733133555,9649,271,Healthy
69.69498852389472,3.2061754069472235,33.416644964055344,58.925923169563156,63.3115027831998,4234,8,Healthy
69.2418175935532,5.666904002330211,28.953430902103193,77.27395573152864,81.39596656997558,9608,38,Healthy
72.24948302848355,6.794947229968477,35.36489023883006,29.0859388621978,69.266351806839,6933,114,Healthy
51.980788352644154,4.085325643520926,41.8193624730968,48.64497136882122,62.89784390769167,8453,339,Healthy
59.84808937801448,4.798974249990623,26.070069836825088,56.10840403672684,77.98105661536195,2009,56,Healthy
88.66874267444524,5.022032292093796,23.094776984231125,54.9041988452712,67.70564611409385,9419,359,Needs_Maintenance
91.44967713501283,3.82265253037664,31.51909297802438,44.087706745342594,76.07611909988886,9950,138,Healthy
72.50963960443622,5.972420650765788,33.60781252563072,40.28506456197569,67.6659309419317,2063,102,Healthy
80.76556963055766,4.818577777088327,28.845668130776154,27.609441353025126,69.52139085176077,5253,334,Healthy
78.11250154543536,5.629298665860541,37.266303316605175,43.50454703373669,73.94848163467434,1066,177,Healthy
105.78880808455239,3.66876173329685,23.306971001383758,29.759648906329108,72.32717646072005,989,169,Healthy
86.19574911434577,4.343812549514884,33.46459311515805,64.0619405895331,54.03574575638609,3161,339,Healthy
73.72082408519233,6.083572036741657,26.970695896205534,32.529856129675395,61.030050079244866,6561,286,Healthy
65.44459559399574,4.440750271862349,38.59688953103648,23.513918317072033,77.43527987832653,6266,261,Healthy
58.93553679742428,7.590445776850108,39.962576765840595,53.14196826903406,68.94290728878762,7067,223,Healthy
77.03463635867223,4.400545721578096,26.16671706108326,55.7137839631641,65.81014957782862,9958,199,Healthy
67.43649254715697,5.337027088627829,27.2522143204571,72.31478367683033,59.131407877940205,8201,211,Healthy
60.77746290402326,6.398886247809635,34.29793943489901,54.61889674506091,61.362109429793215,7479,287,Healthy
68.53427115757474,2.8724514006004522,28.064346751052426,40.72885122340674,53.825610880304424,9733,180,Healthy
64.18451996385605,2.358786782028836,29.77294391033881,68.18071289157923,69.18975425038774,7380,250,Healthy
91.87141635072564,2.711515528144858,30.12694210271205,52.41673359124526,65.21249935535162,1167,231,Healthy
83.81639756949451,6.893876155140774,20.40163421901172,24.756817077871503,62.26729687211748,4323,23,Healthy
74.92027358683383,4.172212781161329,29.930811269528814,53.951033618794796,69.45501259865638,9118,48,Healthy
89.79944138890026,8.837298928502378,26.55136112967913,74.48111272529974,72.9117650468219,4707,109,Healthy
75.77368307647619,4.153628602013917,27.53438588800114,43.778757529893234,86.74558345767956,4085,296,Healthy
66.38715798671737,5.276826954795555,37.21816001734407,37.779548113988,57.90493264349429,3279,6,Healthy
90.23124077269657,7.313164928851814,23.717465528603718,28.608167421081205,79.27504834640418,4638,38,Needs_Maintenance
80.38910043684659,8.009139332238684,34.06602593373989,29.086731316121437,77.78481248812058,2462,169,Healthy
64.62753845673544,8.092255364954596,28.605185348340957,45.96628906050913,63.767258084986395,2324,356,Healthy
73.09661321916391,6.812549345889714,28.601199157520828,55.740789449691775,71.62588763668825,6471,283,Healthy
66.24381746615242,6.536093788717194,33.951859480258555,24.836924310176105,66.33893400529908,1826,203,Healthy
61.172002690356635,5.888790423801774,31.70025647284445,76.37411534150993,71.48550864334992,5891,325,Healthy
84.26177547531641,6.167541614249957,32.85306498609766,65.30801704671175,82.0730481072364,8173,313,Needs_Maintenance
94.0941664047013,4.1732214255072,34.84092330266431,55.19743509701976,74.8448498610505,8558,273,Needs_Maintenance
61.01432426180859,3.772701674866539,28.343458084083387,69.70632025633945,74.06886698586753,7113,244,Healthy
80.62969236690572,4.994938313883572,26.938816327461247,24.8112054087268,66.55752544036287,937,327,Healthy
68.49357430878173,4.744723066212607,24.574247367211008,48.610332663987464,58.12754668060532,4684,47,Healthy
70.12874616235304,4.320157926009087,25.872947350105225,57.805587611699806,68.33225431567674,786,249,Healthy
69.07606075761132,6.044581171185073,44.745472126543625,69.71917436709735,79.65286523891132,456,79,Healthy
66.36009230320184,6.432957812855766,36.22339790368393,67.00817360295606,57.78265714728282,9163,110,Healthy
75.48521627944827,5.132610329437771,23.244628168959892,36.62415498280398,61.55928505458644,4747,13,Healthy
66.69049883588963,7.216295121582893,23.38771021628215,76.45281017355225,71.01014188987254,4518,90,Healthy
77.70456825779839,3.2874663287997423,32.40933030859246,27.460750485852223,62.1227617212219,6742,342,Healthy
74.49761890550863,4.709510811080423,32.736323986889836,72.50801711726913,63.6598124230783,3491,348,Healthy
72.6105195313359,3.9247665190957925,32.744419176586824,78.25641497627711,66.61121134617458,4457,280,Healthy
65.92436337958402,2.20019507439041,28.72522103223151,30.629211393357533,59.075060766478806,4979,221,Healthy
69.23228669431667,4.875978971235951,29.372728699985498,63.323963852227116,62.20702523026905,5419,73,Healthy
82.55391225825755,4.8173787374250745,31.639397620796785,22.41713112667991,75.62742333429847,2839,234,Healthy
80.00917187624381,7.270174614863197,30.429465031466652,44.3253695083493,59.54104174215229,9610,260,Needs_Maintenance
65.22444755201448,5.946217526832166,18.903498136262325,50.97699795186044,57.2170229240413,9827,113,Healthy
75.99332305429226,3.4637197635061927,28.85100184712403,54.83871355457804,64.95980016372884,4884,46,Healthy
82.5138712337179,7.781138849501282,25.742967828698433,76.15623489491357,75.85564402007877,977,274,Healthy
58.305947188786284,6.83155054328803,30.87605709454256,60.33504123765168,68.42462553602488,2970,43,Healthy
80.43360192379934,5.873146555202924,44.926295013017054,48.87667707315422,66.28335137507506,392,208,Healthy
68.37376241054153,4.660273851725252,31.83740832737152,68.58050217595336,70.35487038012485,9943,349,Healthy
80.70598668593159,3.5608411449147805,28.43235156913801,77.03196925726454,56.03434053712279,8828,103,Healthy
67.36740843457483,4.4416898358934205,34.60900750988626,21.32396892093745,73.95764523020026,2786,124,Healthy
56.95117899335481,6.633122929556279,32.41343943604606,78.95127633536232,73.06748025122916,333,10,Healthy
58.72457562116837,7.826879458901914,32.100472452259204,25.16792834382082,66.72553220723422,2474,329,Healthy
75.48084946661382,7.3148652924082835,33.034252966078355,68.86320675612568,78.04739609437134,2372,187,Healthy
77.59722501721483,4.266725867320589,40.28271782414771,36.82008515308475,60.98003120837569,1066,31,Healthy
65.95683374895592,3.3205738500664834,24.34555782337042,27.930779465232305,79.02327194602856,989,156,Healthy
81.38592458777374,5.211329370366806,32.36816038405727,46.39133838283009,71.235949324762,3963,60,Healthy
58.3847993773104,2.3473409516557227,25.368094350092306,58.637394766856815,67.30757928097461,6254,249,Healthy
74.33920201352683,5.484751571277172,32.77756323171124,42.8571107014085,69.84101091705351,3500,270,Healthy
62.889838002375434,4.778596120551997,25.40656744256953,23.27392449696194,69.14188187351246,8326,217,Healthy
68.4816389219784,4.300945247197637,27.91316593197458,55.967668379523,79.76226317134174,4642,2,Healthy
75.47398671316414,2.607945399099807,28.524550428810468,74.14419656664049,61.38656698023189,3623,24,Healthy
66.39586634716048,5.770400159854574,34.87908359672355,42.992921956835104,63.89984608682721,1863,206,Healthy
71.15444455770175,4.200948740507133,34.59227221971207,32.97996665784962,78.29042313657983,3391,320,Healthy
85.0629280921444,3.245124746434568,23.771413117768077,46.55464075596892,65.23572051852912,2588,199,Needs_Maintenance
69.23108130476851,0.691606680077526,30.274670554999243,22.901762662926853,77.20426461865273,1658,356,Healthy
83.35692112065142,4.958727642424045,26.452100726254137,69.22925506881649,83.59548786406968,4790,114,Healthy
63.702931453423815,7.658377395004616,23.707475446623327,69.5804486570112,66.78563978446694,6221,280,Healthy
80.29804177915283,7.491888821821805,28.914914747878147,55.280027805777706,75.45089861260244,2376,155,Healthy
89.41568620657901,4.314355615120592,28.457586057720903,41.18617333630337,60.77046174928113,4539,165,Healthy
50.283554998727105,4.096681909457329,42.13358243172761,67.987001866747,76.03786638454247,1203,222,Healthy
67.03104744529523,5.703161384112535,32.16479912680348,53.281221487302034,71.59539188789414,7620,91,Healthy
80.7707212718054,3.5024218412175627,23.111912496228815,69.55593851300097,73.78430625728173,9711,167,Healthy
72.96954613957007,5.452687849729199,27.176129979145287,57.88752755498124,64.83542342371683,5509,207,Healthy
78.71145873371309,6.149120417577036,35.106916477146996,67.06432839276783,56.71133267546262,9770,282,Healthy
68.9601481328418,6.840399835826462,40.442213864349625,55.9137795930656,74.02601651799604,7969,65,Healthy
75.865897874729,4.849768885280071,22.070083438810208,44.84846409293998,53.49277478016437,3056,4,Healthy
73.44322764607921,4.694489374734551,20.600378074304775,77.47675159556826,67.46119606205973,7810,157,Healthy
86.67782061659807,3.6830261198651586,39.35482587685891,52.46682949273068,77.52945493135975,6117,249,Healthy
77.54420843301213,3.75967946894021,31.94807088685452,56.305371112432304,71.53518188698429,9674,257,Healthy
78.37602662075201,4.66028166214771,25.65853634061817,33.229258364884956,85.5867411583185,3484,235,Healthy
70.88123033877532,5.551048260224267,32.67314543061217,57.53904736563659,78.20087322065419,9861,306,Healthy
70.12393775927507,6.370376939349875,16.82126130491561,54.29645896897663,64.76881289339539,128,74,Healthy
70.6744181218038,3.795231573979483,30.016877532985806,31.090303876821498,70.21850703881151,8997,187,Healthy
78.94452142378297,7.239032853439283,31.639105864215427,23.575225841188622,69.62103437964451,9312,62,Healthy
70.79015519179737,4.593314598436147,34.62135069768915,56.261559182886266,57.34258589323098,9738,337,Healthy
77.89774856896413,4.967949058477346,24.930520238537312,65.82153616101922,62.47680866812517,7856,164,Healthy
95.75400798645438,3.879182481278265,30.428435807016797,51.40408225532049,65.51391274416112,7048,56,Healthy
83.71124703431693,1.3636396095905878,25.37287686970206,33.606357519178744,53.71023597715251,5855,111,Healthy
71.73976467832159,6.326068094541575,31.276918778371584,59.991318601582094,70.37994774601314,3702,218,Healthy
87.01213922163944,6.10526584563865,25.52326838818488,24.806343596576134,68.00742524277567,5162,240,Needs_Maintenance
70.91924626978448,4.57800866432268,27.959495804198898,46.51002228811728,56.61684878950741,8171,21,Healthy
54.61875464822146,5.100486075837308,25.020923026048855,29.80200550390521,73.23370292221865,7344,141,Healthy
64.91913689082595,5.773908826556149,33.255681209118286,31.067543063593,75.72698195752767,6472,265,Healthy
56.29208078974145,2.6561812146701858,34.29225558328333,32.13763694949222,71.81627583091911,7205,139,Healthy
71.48486515958692,4.206420983980558,28.826897150212933,43.202423422638674,67.40745459832824,3681,70,Healthy
75.18418379189552,6.19139701943274,30.191189974800142,23.069012337223857,74.73153721401484,2862,118,Healthy
91.76437312275283,3.1185658652461257,22.75704292683228,43.86760645574589,75.44176288381352,672,198,Healthy
78.26927373764163,5.440336898249944,28.501616759966065,50.70244682688205,72.45922855775751,7805,205,Healthy
72.80899471191135,2.965127293064892,29.748976914791275,48.99765709797951,63.40310199652191,714,214,Healthy
83.2940558118349,5.699644973650289,43.103965455149876,42.96704602418244,72.21280612408944,4150,56,Healthy
52.88864690992115,4.946537776553774,24.440164871129184,70.34879648424516,79.56384520660383,425,287,Healthy
77.35614558108566,2.5773022761417357,37.320886193762185,28.719601545230248,65.22696753110615,3840,293,Healthy
82.70865193886966,6.747109031685757,34.98429386732904,50.341804626882436,86.78351471305945,458,175,Healthy
60.214137542201584,3.898112634802926,31.403182022450682,23.722485017393257,65.79495252811692,3877,347,Healthy
86.43754043206928,3.7846213444784285,38.79310242097567,24.269340732674586,70.2592561067211,6006,128,Healthy
78.38496407494414,5.300853795846415,31.860527363034315,54.43195098062578,64.62011523194931,1821,325,Healthy
70.84712086099199,6.722956024143073,31.945795978339643,53.96110549326926,71.78616668736208,1449,292,Healthy
81.32781866106285,3.4762672715324046,29.734396734912274,72.68201077066742,56.0622264589178,3796,288,Healthy
97.70692857804396,5.092519774771957,36.117844412093135,53.47242053960439,65.63166560946622,3996,226,Healthy
76.81866255058495,5.643224750495859,35.482346169054416,77.58746122429102,61.263030397211466,4360,64,Healthy
77.48220586300336,6.039658410894717,26.871613562518938,22.921690903995785,71.08270678313832,9888,48,Healthy
70.40639100459757,5.2646623329158375,23.40376402700616,25.880461086844463,77.95557900407125,9919,202,Healthy
66.50155630535208,4.449458241375017,28.985096813021716,22.643951694222885,75.16804949691641,7041,337,Healthy
83.30335816544246,3.7586146690269207,25.999807178011768,31.1166110200124,51.02672511312886,3908,60,Healthy
66.43916174091133,5.129215824569562,29.682377126923225,52.476206656500686,86.33655722342304,5346,257,Healthy
75.71566237219392,3.3917914820215898,36.187190673420695,58.73433088564568,72.36223952496695,8484,65,Healthy
70.22342553234883,0.6179742747580885,27.71349172456605,22.73510947692013,63.788006876055995,3945,239,Healthy
79.78979825746391,5.654839706236501,29.785883093442127,76.75825339073596,71.25702335192753,2677,289,Healthy
78.33662105286949,6.355902261629293,30.290113674041976,70.52992259902285,71.40951858002154,191,38,Healthy
85.375399442579,1.4556013466872422,34.24215441102642,37.79674892942559,64.6652102643875,4334,25,Healthy
69.89983601145254,3.485403942935094,18.765553330076976,24.63125181358808,71.58333333873661,8772,59,Healthy
72.30125064706628,5.928731391507797,26.966498526173517,30.19322439314344,65.14022169903754,6692,357,Healthy
65.21236284217693,8.086243204567548,31.056418461397364,27.61666482529836,66.76510405847982,8228,297,Healthy
70.55706739923889,5.031190561513112,36.00039478213431,27.39702675793681,64.50976691395933,1175,158,Healthy
78.77300493044852,3.9079955881562984,27.540487762468974,51.113701319944035,58.53862968208278,2613,57,Healthy
82.56988616645351,4.72565533834274,20.61723646979063,34.75084654960402,71.16669176172307,8268,48,Healthy
65.77834675822375,7.062314628722277,33.09855722983068,41.488382991748665,74.68239549213071,6961,328,Healthy
83.6960592010566,4.031053731313197,26.823188055871853,79.37032000305935,74.11906876861097,9090,56,Healthy
88.55637858804951,3.8012119900246195,24.051666704548193,61.058854935520685,76.55940202108188,704,65,Healthy
79.13434903223701,4.275884716726951,26.87827305143388,76.93884002282007,72.59472168011895,3079,268,Healthy
93.76795812558066,3.5700070876119314,29.07737321172075,28.553393301986937,65.73819601426477,7240,69,Healthy
67.26210800896428,5.184005473992193,26.976276677308938,42.92836848995415,76.71731091544952,7165,216,Healthy
62.55345296688583,7.437017687704341,18.972169714504652,53.283908196941255,59.13985968126452,5016,89,Healthy
57.212797510957216,5.484618909674044,34.48533098443566,24.605483713324283,62.79462893990016,6900,281,Healthy
89.96044311489183,4.621469746810568,36.37437520639361,20.251246617677474,62.28639942861404,697,257,Needs_Maintenance
81.54365656354058,4.562283096626684,33.25760995669753,60.22606002781505,78.64044847311447,9824,160,Healthy
74.44415329089544,2.6552137869550143,24.311571647875915,58.50917100808612,77.54230811312061,7420,234,Healthy
77.7996862631982,6.324664665720738,28.99254233026241,44.6473285999767,73.89844189635996,8805,131,Healthy
63.74510952701623,4.883244204480797,29.96739342385271,49.37864456192196,78.57543892169437,5722,49,Healthy
99.45751979616827,4.729280129614062,32.99397194780955,44.926580035525376,62.96573774070409,1977,147,Healthy
76.29221181975228,9.789661351767291,33.34170244359041,21.440302690693333,72.78876095888785,1799,316,Healthy
76.09394794604893,5.44812936254853,26.32913100610752,40.122296373047746,68.99860457293468,9321,2,Healthy
82.25766623898691,3.8723134248572233,30.409977782067802,30.62493532383739,76.77505683107931,5880,329,Healthy
79.81009231736714,4.360463605691685,32.28640202307621,25.905451346082124,69.07820613958242,816,145,Healthy
77.23884024279131,6.722668563795132,37.279111610733835,77.403226033361,66.92045689271936,4186,61,Healthy
67.09525544554688,5.1699056158066465,33.522532699123616,55.96158350252993,74.32726814848792,765,273,Healthy
79.71468357135996,2.84258303252395,33.945283436877595,63.71937705419616,77.00935333752986,7946,49,Healthy
93.82024496475034,6.378843401862805,30.419133139646803,38.92182459596705,64.65323844122558,6711,332,Needs_Maintenance
88.45420046154977,3.9977838716915093,37.05229572601752,43.588827769640915,69.511394629181,1179,131,Healthy
90.93186626639397,7.8099466643263185,32.04881397979749,34.215439633803406,61.532474930866776,8519,43,Needs_Maintenance
69.88784323568815,6.620072098571972,25.694560449132148,25.817940257925486,50.015511860056485,8440,57,Needs_Maintenance
65.1039517974142,4.329017156511873,37.01684985062595,30.741898246495026,71.60367705130983,1169,50,Healthy
73.74213079900352,6.921524542602669,33.48951636269514,67.85084271778915,74.87124285003705,5363,178,Healthy
75.55724912288694,5.101783265791105,27.784779894357587,60.65274831102655,72.0965344726938,8051,293,Healthy
85.94191518470949,6.27916051268333,27.602535163003783,52.81573255912861,54.40350625796506,1463,46,Healthy
58.07535370285181,5.727099225941712,31.48287772570381,48.505392372006085,67.1932045593882,4608,170,Healthy
90.29550319460614,3.7304650175136898,32.31592397633792,75.34605701936746,52.25321791959135,1855,271,Healthy
73.4199210142101,4.034675251523807,30.986461328156032,24.364096866720104,80.95760886123348,619,336,Healthy
70.7311893005258,6.544941226371742,31.556543367214424,36.83604879427496,61.31156334305531,5563,139,Healthy
64.87895624739832,4.497837001840189,38.4997868728819,40.99627121424284,80.04322887567918,7333,247,Healthy
58.451433281342304,4.394527305137005,35.35771576117443,66.94554873276726,77.56695714947317,1202,148,Healthy
83.23170583961914,3.5673161309759704,30.95317795632512,79.55087720971828,62.795277179711505,697,230,Healthy
75.73317967188405,5.635398598390191,34.70655290383742,34.44023088542919,60.93772038985804,3373,280,Healthy
62.10039100258946,8.093787378864718,24.837380482362303,72.45844004822484,72.8029617310907,5881,125,Healthy
62.04921227936384,3.398700628618591,31.989635249734043,69.83736562590748,63.24540770253543,6356,192,Healthy
71.64215300709871,5.036329185009137,39.04653174866555,33.479443858505995,70.81987713726566,7358,80,Healthy
91.69021525289392,7.118330833123144,28.90977052303813,43.95995481195335,66.13737927354465,8880,94,Needs_Maintenance
72.40408648636395,4.880537913131428,25.761830356904575,44.580372157551146,55.750732684274936,6654,226,Healthy
59.96857046881894,5.678557694374601,26.7395555570347,78.6932401115935,52.15625584700433,9699,65,Healthy
72.54256935914056,3.40640970777968,24.55183481328806,30.8535140827339,71.81347398795678,8102,88,Healthy
72.2727643025233,5.6424606458114726,26.076190459361484,67.94947826628692,65.507538029355,4946,88,Healthy
48.03113357058429,4.719283602493177,28.147459507049856,40.051562850386595,65.57528146468694,9921,201,Healthy
74.45705133482188,6.478594993519795,22.97216490410679,63.85222074656962,75.56691071275029,9286,214,Needs_Maintenance
72.69065469791322,6.781079077347127,30.078091669748016,45.20066025773977,79.38753821305956,4898,204,Healthy
81.96206364813418,8.88434546302792,34.51138586893324,54.7015857869924,67.81964222910553,6705,89,Healthy
93.48956094945345,5.869449759820363,25.4612190992654,69.95670639956786,67.2752103447211,3086,61,Healthy
86.26565029547757,5.48869447487325,37.59641961820884,68.24993389903304,74.00114426491108,500,271,Healthy
72.3111130944517,5.291576452366004,32.55396044263797,71.98539101238201,59.144515442403396,2955,94,Healthy
63.934740912583294,4.470250560783968,35.152902928120284,23.57703952067954,71.78522443798158,3512,307,Healthy
100.7335980324986,5.507725765192537,26.710827230739316,61.52303318238469,74.41508777457723,156,27,Healthy
75.59218434014488,4.556897884791455,34.27262613533308,28.399242603305773,75.44184166734104,8122,214,Healthy
75.13929291912946,5.252691464404421,24.540330498023437,44.94911408110466,54.50597837998028,1975,74,Healthy
74.75874912889996,6.976396303411939,34.451237504182544,52.91530490328131,63.909157841528476,4643,61,Healthy
76.98084760767856,3.4901861520805384,30.859196698967658,44.16436908480985,62.97389397741227,4398,186,Healthy
73.55639588076058,6.709817841693568,32.76625609992392,51.17670054818045,70.7990956352737,3868,31,Healthy
69.26337993119763,6.975672601009798,24.12202697187574,79.79157852791715,73.84595663814387,5852,219,Needs_Maintenance
69.53141058759608,4.822897209513382,25.524650788616977,28.113038822771284,81.97368325956785,4933,12,Healthy
74.67246729784002,1.8172176514871081,32.98614109126692,60.527362720185536,66.04027615705542,1453,302,Healthy
69.56575228866235,4.0882670193583515,25.258259978878996,43.76005798313692,66.01942001352629,5087,32,Healthy
67.87154217322836,6.9454918198416635,32.316031460495616,27.980587934439725,79.19737615102997,6697,160,Healthy
76.06430227691897,4.965697906551677,23.16431096769877,29.52420580245857,72.37261550824245,4411,237,Healthy
72.45022782579144,3.5010466515576337,34.240871063333344,76.95638637473701,80.1412120895038,3034,227,Healthy
90.0399298858269,4.242837618157674,23.837383426157455,72.77608980270571,72.3098240240787,122,181,Needs_Maintenance
48.49030191606988,6.260930039756829,32.76149968839761,74.4225176249013,60.74306705029383,1309,317,Healthy
85.91506851922462,5.8201003523020685,33.12815466823,79.4919665496432,59.33497316177755,9040,46,Healthy
87.4608519249763,4.641601851245459,26.516140907852126,32.498923400511075,57.58790200752857,904,341,Healthy
54.2660976759185,4.449763382277968,32.91013283542363,41.3263602418437,75.29641467806779,8425,80,Healthy
71.57312405919652,4.412362776434267,31.30221131666778,60.153141795492004,79.50877458469607,4516,135,Healthy
71.28559134004209,3.616384723252246,27.30579071903631,49.028152391638834,84.79489713109105,8725,260,Healthy
60.924883052821784,7.423063534204163,24.95722657961896,45.10337200270001,76.74484265858592,5241,308,Needs_Maintenance
67.22183312409125,4.51651929618299,20.186871541637103,41.46867496013559,79.30270862027989,5068,247,Healthy
63.894241545341714,6.825737781238245,31.748250236498468,55.62683791660713,65.35986933877052,3771,159,Healthy
92.52270443423623,7.281974077883677,22.175986143189725,54.53560571840492,60.74867346604915,7392,203,Needs_Maintenance
84.35678393147461,6.49746634722194,30.47672099720654,29.687470043854404,76.80063465934043,7101,112,Healthy
87.71555094994159,4.352569530922928,28.682758919588753,48.30439025110634,73.3414460179152,2198,292,Healthy
82.21672064043236,5.605595135504914,33.39571387719098,53.20830657259099,70.85955499472713,8544,310,Healthy
63.70948228782771,4.963706590413626,28.48977250255068,54.21721632388343,73.09897184506391,5161,119,Healthy
69.75479733720226,3.6444472089048077,28.35276106826454,32.60643157474111,72.58548385966564,9421,17,Healthy
79.89374561227918,5.486538922582405,33.659353521441474,64.53628353513722,80.27053487882849,3364,331,Healthy
62.778721911080545,3.231440313260296,31.675290145420586,21.511945689264177,80.35988467853565,5535,227,Healthy
82.12998430172388,6.781519082692346,31.58077978591389,41.28991133258976,74.35376281872277,8593,361,Needs_Maintenance
72.59674601841866,4.30307405405241,32.346337949042635,66.81275891213801,76.76642298050342,6791,117,Healthy
71.25179192450402,5.301739483809259,22.32213938396447,53.83357526332414,74.1125004193982,2863,43,Healthy
82.10959968203491,5.424931807319213,33.78394339993491,35.66974595065162,66.31064214372304,4105,115,Healthy
79.4426331148604,4.611642539443884,33.062343970068014,61.697187160582864,76.05251739930512,3341,283,Healthy
71.3903383418092,5.880040702212912,24.916584357117515,54.0434566493644,58.84403944912591,3157,37,Healthy
86.59329803364248,4.287644515066213,28.779597631628995,67.77461656738323,78.43113241836707,650,302,Healthy
64.18936672400102,6.306945946185866,29.803463561861843,64.1015111713894,60.44381648187172,5674,113,Healthy
81.15935606944264,2.981030479629877,29.327516077991337,56.60647532217408,72.28642629435787,5511,35,Healthy
80.93101257968384,5.189569369319618,31.669299832842672,49.29066051864884,63.23876833259073,1687,132,Healthy
71.9045356068601,7.908393498587428,37.15683390915592,27.990927540051405,74.42711186459542,6020,336,Healthy
78.26133022242118,3.499503013091638,35.40883363836414,35.679981073123024,69.72859819257673,5360,336,Healthy
62.488864236146966,3.9833825442127226,23.43890403284297,45.14596837502512,57.24195233469334,4509,228,Healthy
84.240270192069,5.770861774488372,33.110349951530246,55.95795722038332,73.36559704814783,5883,147,Healthy
73.15097863557011,5.269372672909397,36.644666597677045,50.82247131291829,65.37663378533831,812,122,Healthy
69.7727697948096,5.525945148910338,31.934042603446013,37.29107155757177,77.04917376650695,5506,81,Healthy
85.49009225836889,5.733780695221495,35.454902125929834,20.387861467382635,70.01060550987526,8090,173,Needs_Maintenance
67.9565630945724,5.9520822028426545,40.06135222850382,49.77435331404884,73.1633678831043,7520,154,Healthy
60.91538703636441,6.664549762934335,35.11854773053491,37.137559313734585,62.339448359878304,6943,150,Healthy
59.433708264760966,5.6147279853927685,31.246542978208645,64.0764980426321,65.28534214858111,2533,58,Healthy
81.0600995134564,4.638113518072187,35.225442370423764,21.43677591622901,66.33089091119132,3401,63,Healthy
62.19570647503717,6.008860551804097,30.724439165484455,55.08966867834745,76.85361984194044,370,156,Healthy
92.54794181984364,7.849822902342823,30.119515216424777,76.48845425036393,83.41901670244391,1179,356,Needs_Maintenance
54.18070592116278,4.801049380426139,28.242928821431338,30.46455602668997,63.55862598605699,5422,322,Healthy
91.96456368290038,3.538206042994038,37.81706679416054,48.29896944503572,78.61478515726144,8895,168,Healthy
77.11017467202619,6.660621003930459,25.907856670289995,25.48531950902829,52.64258065819438,5357,166,Healthy
74.03286888129608,4.819428254069603,37.66183862339058,57.540914735681156,60.44648479126168,8082,85,Healthy
69.5508091319105,1.740995680978946,32.49932061870186,53.031900835773534,62.3297723505058,9877,137,Healthy
78.9913611435207,6.271132515725633,23.003469125990293,44.441931452769936,59.17993048447422,6314,189,Healthy
74.62365297575151,4.197007721069116,31.83824646495711,51.28262128842447,57.33129288169936,5106,2,Healthy
86.03301882016521,4.864200076543759,19.49986746174188,73.79447950814061,73.30399129710239,4085,106,Healthy
76.1422764866204,5.497970495853522,33.12754008415518,31.777658138664023,68.28745841817711,9687,364,Healthy
76.50301761461877,5.2857495196686,34.42615741494495,21.353870702320833,73.03524318084088,8891,72,Healthy
71.36387787786144,6.064177725708559,27.03822022173973,71.69989308194606,75.5237814889721,8805,126,Healthy
74.43054376278933,4.346770444145235,30.617738479777913,54.62702494327439,72.12493594538027,6091,170,Healthy
78.0780176889206,5.769658697264124,39.77078716875143,73.43950732771054,75.26210540920299,6327,205,Healthy
57.89831607343375,4.610679983624125,27.471266478690318,55.816713404790356,69.44374171006184,9358,313,Healthy
61.518145778942866,6.108215721331255,24.705462064716997,68.60966539758215,60.50405289355405,7933,337,Needs_Maintenance
82.43264094022715,5.92305122601958,37.40831701231299,45.78040180130888,78.46251344656636,2986,195,Healthy
76.70865438127942,3.596841946933107,39.81293595265397,64.99159587729613,65.28710293775099,2753,158,Healthy
73.1601666364732,6.628973174262549,30.018478359239236,74.78248801339136,62.515229609900594,9380,141,Healthy
75.18433933065393,4.196054832328928,35.05731517704178,54.32737782333238,68.57665699356481,4964,275,Healthy
78.47581705361671,6.212086697421718,36.70737957765441,30.847109033742772,62.697512645627896,2614,7,Healthy
69.60240319690638,5.550930970102011,26.28757883730808,36.12785690181189,66.66055694408455,4069,54,Healthy
67.21695274597687,7.757275515192684,27.57347082316066,31.918674613844345,72.75243137250773,3384,104,Healthy
76.95845255097682,4.6648010264422215,36.15437256577368,34.81142165574397,72.78673391396902,7840,342,Healthy
65.21627222384969,4.4760248058227035,38.425071393542545,38.38492696106218,62.817359468594965,4666,338,Healthy
79.08252755714472,4.970870591168401,32.81440430087177,53.30802720519131,66.09835701641005,2296,61,Healthy
57.9741639576216,4.545230325748587,25.60092823248973,55.279497767829966,78.59466403816195,889,87,Healthy
85.29155637325644,6.199912852913075,39.935305558497205,45.58998483451167,73.97120094187153,3575,258,Needs_Maintenance
79.72597482413043,2.575534087345118,27.345145510940178,56.925246789250124,86.60052031478833,9956,178,Healthy
77.56029734313876,3.419476371280469,28.32431109414274,24.894495536681955,79.44102538993222,1409,242,Healthy
84.82690983945514,3.3982956176312102,31.711689172448107,25.2672942234896,79.15434454847951,964,203,Healthy
91.65474444462576,6.425461387960364,37.77080210357387,30.309767621459507,58.897051596353585,5489,31,Healthy
85.1437006501813,7.565920058872888,34.26987988276112,51.084649882420685,76.11088281306738,3463,289,Needs_Maintenance
56.59125768668355,4.843326172193793,32.07432750180955,32.839680721898816,69.57514558642471,8315,80,Healthy
62.204230332642986,4.746767415214984,32.31644265059053,36.99706420955464,65.592145571694,3103,11,Healthy
68.75181422304321,5.105078244669772,30.21757334321733,44.01877017037964,71.34412272426023,8602,254,Healthy
75.26091050210833,6.742817453912286,32.790697572592535,68.7119674406228,77.56169227689188,1331,287,Healthy
80.17659020469122,3.608970298714139,17.352199611528484,20.831728154771607,74.00665272803369,8059,176,Healthy
67.74256186846534,5.357553474102177,28.516962704651007,58.962729214197346,62.97220958926352,2811,126,Healthy
76.86766764477078,6.462796444673645,31.206609674583905,60.13259186244112,75.93967130874097,6681,47,Healthy
67.44617067646678,5.751641254909768,24.244929581902465,67.9193468213982,64.89929966339228,7805,206,Healthy
68.88482197008052,5.284372424898115,31.9316165890578,75.9651763436188,71.7334649517143,521,107,Healthy
60.93338903151778,6.501569138850712,28.97764389506939,21.20827093695739,67.57319946018292,1046,275,Healthy
65.76766753889096,0.9451515605011442,38.77737849157745,29.22702233079297,68.24906998611499,9478,337,Healthy
61.48315394383666,6.016812979296361,37.865098626074285,73.17027764335958,76.12994380032407,1934,123,Healthy
65.24126747022667,4.0188864753088644,27.670972154409185,47.511113731220924,61.67845024147282,1664,134,Healthy
85.5364179660784,2.2540506547153147,29.245811442166524,53.87543833600781,85.56156059421546,7432,107,Healthy
65.50601111168056,5.766803899287471,29.630262171958037,59.78163222338884,55.43131144564403,5044,305,Healthy
101.32382064837391,7.060487817744437,27.741702619201888,60.74399626973824,65.21865853396115,1408,329,Needs_Maintenance
79.93317900880889,4.793827228058462,30.975124920140633,75.90442419899048,72.96169511953393,3086,50,Healthy
76.84836123694873,6.429311820804408,26.20858965556205,79.81696504470017,74.67451333148247,486,337,Healthy
66.41642219818786,7.418417386982968,24.346923325312368,63.209447655856415,69.19619423542636,6231,95,Healthy
82.00309879408991,6.972371680376071,33.11355611950134,37.233272552309046,69.54087437598766,9453,268,Needs_Maintenance
69.24362173762226,7.459946794057089,33.147647921109055,72.78514413766061,73.28440068262093,3358,23,Healthy
76.22009814645361,6.113191236607838,25.978421201700037,22.953254872445697,68.15144418033856,6221,54,Healthy
100.60084538268795,5.113150458352389,34.476777153812996,33.86485117246977,81.14545006347925,4911,254,Healthy
74.03940100275351,2.597051282154247,26.842111354173344,73.84314304782289,76.71479291385282,6674,235,Healthy
86.49273326285676,4.630906267805077,31.265826190189905,35.3714908663613,76.98259480804508,6797,59,Healthy
67.96823574874112,3.7351301070257126,34.10172006306228,33.239063577304904,62.27074621303667,4033,164,Healthy
74.65011509503039,8.25641407624672,29.831937176481436,28.287517588414836,69.36489260475437,1539,259,Healthy
92.7080063563551,4.736171281351495,32.273704560705674,71.54670545881498,67.59627241023438,6269,314,Healthy
68.73032942212232,5.184807210176729,27.417851780562142,50.00349555146521,61.955188994484274,4580,216,Healthy
93.12448557996929,5.8272280640607015,29.017667082859514,60.49359218324929,72.88131347156613,155,183,Healthy
82.07751935455475,5.06540366955868,28.970702845598296,34.34398304450178,65.69883393776146,3424,57,Healthy
69.37533224105732,7.542576560646129,26.267108267298806,65.48242526067298,75.24323063880189,6877,145,Healthy
81.3240773905552,4.066025957398322,29.11612918442109,65.60033269772592,61.43846749684535,205,90,Healthy
84.7255444962673,5.2919111828558645,22.256908505681267,38.75588149449801,83.75232490273457,3301,311,Healthy
81.21809962217196,3.8862941214529276,27.544231264289476,44.640957980616975,62.829338731263505,769,45,Healthy
59.297752801095434,3.019966233168941,28.575622533151645,32.581416645812055,71.75441869760348,9034,257,Healthy
67.72862824175131,4.082346363642072,28.7191012375231,78.59366139937426,76.33487448310454,1066,21,Healthy
72.52481364448495,4.944444804427382,28.792512770646105,58.736154623504696,65.4348765583991,407,21,Healthy
74.25566570899954,4.35604666322411,29.691179000699357,76.07263284293093,76.81974914746361,2238,52,Healthy
81.20672097550678,3.9613685301892163,32.39720759043032,38.20313261774799,60.16653121759667,209,338,Healthy
76.77701000933254,2.890523804492249,34.37258537066261,66.91345477981338,81.61694159346048,3732,171,Healthy
61.64655641289899,4.875341641056957,26.751173865758666,65.95151863308452,70.11319411972606,6828,67,Healthy
78.80197851005963,2.7429194389534968,23.983995723054278,61.49933911199249,65.22870873624896,5784,113,Healthy
81.10585745283824,6.140083945534403,24.789777938784486,77.93833851600803,67.60654582058052,6599,300,Needs_Maintenance
80.5979044793104,5.123659629401755,27.563985394025366,43.613320166378934,76.47135415514175,2015,160,Healthy
85.80780725554622,2.813672750802604,28.240393410917456,27.843039415385437,65.32435766519649,656,266,Healthy
83.33922154548904,4.536186384425205,26.150019669012714,60.30253155464364,64.00513848461777,7719,320,Healthy
79.59180079228437,3.871765391614125,23.519416678750527,63.75858802863237,68.2277072193301,204,232,Healthy
74.29834288541353,5.478761765628771,27.71939586262906,54.50363440752888,60.584303097840255,2147,325,Healthy
58.39039066484008,7.0106756690347165,30.907133100569858,32.40907358800378,84.56435126353452,245,68,Healthy
79.29618219132585,2.187241295531383,32.97514732917782,50.26735650016133,65.4688432702822,973,28,Healthy
77.07687687163111,5.172539118721126,27.212884734458395,38.731384194147765,76.65293428944322,398,116,Healthy
77.71578837195374,4.7598008066500395,27.93501088928283,45.64799169000135,71.67576066918218,3338,51,Healthy
62.232514241796906,6.0070101146756985,25.366508455763444,58.71311455067983,62.123727596144256,8937,181,Needs_Maintenance
64.18943459591738,5.319794942356534,29.842804148126117,64.71288456145007,69.95236232629817,6482,260,Healthy
85.53152853332904,3.8720460023917713,25.757856829045927,33.933481454080585,76.27202223448599,2611,79,Healthy
74.60444846143345,4.521419096500073,32.865639066206,44.3195216388172,68.49390931930955,6696,273,Healthy
81.81500697372624,3.8059612147947663,21.070667540329445,36.14969425949775,79.54490356680822,883,108,Healthy
75.28318376130461,6.614010707897897,28.20185163773769,31.91789683171215,78.17212314225492,5092,74,Healthy
75.29756139495746,5.031967473007914,31.50553669595871,67.0032331997503,77.35131883726663,470,175,Healthy
84.38283805975998,7.851786028629511,30.91917258161252,74.55516166621955,66.32274582181603,586,184,Healthy
69.83955271782627,4.909008779278069,43.46516831990248,42.2139311410746,61.361260417748106,7478,23,Healthy
75.96120776940984,3.9373898496343056,31.749000122839536,65.07673546242602,65.09129915709764,3296,274,Healthy
70.37724711294958,2.729428411080759,24.979727015789948,73.81971736186466,71.56992752533377,9652,129,Healthy
70.65503772567685,2.2952904856160825,29.522678764554634,70.7674526318139,74.36629370825884,4387,291,Healthy
71.90827876531361,2.6237960854917652,21.11876833266774,30.968803312353554,52.62742876191642,2361,320,Healthy
77.22133771633713,5.400689976517225,29.597001253516197,77.37751289080168,69.93509438710599,9248,186,Healthy
70.21251378336522,5.7630875348449,25.834719714996208,42.600586425767744,71.26471380258548,8672,59,Healthy
87.55756125573521,2.6282139469517998,34.57695137780081,40.35443967043018,67.7796459494756,338,1,Healthy
66.05392697780496,6.342557471114173,27.252298627022327,23.74587963666682,80.33019071212703,6943,131,Healthy
73.13128355838641,4.2754084224748405,29.416170421023768,49.17041924629298,73.37424059400696,1205,67,Healthy
70.60268941725825,5.220189517978324,26.822210792977984,26.540816938455723,80.48153526464718,1486,293,Healthy
89.46977884353733,7.418330942383136,38.69425675926666,34.91238925564556,68.27231583719814,9819,285,Needs_Maintenance
76.96554776511574,6.345258973798298,28.39378616941044,39.01655730603689,77.4998199400554,1767,89,Healthy
85.31844539468635,4.597204028141252,39.16278521739601,68.52957940950104,83.08053115622016,2791,100,Healthy
60.14439626963028,3.663211661877069,34.07075881059133,72.5293190237538,80.4935475941813,7856,189,Healthy
77.67050265869258,1.7722768980060426,32.41033363667693,38.14797904768818,61.26286725257013,2096,346,Healthy
83.89630795623437,3.92127002113637,31.8436657365876,71.52188727467444,67.97059137966096,1525,241,Healthy
75.82283989275425,4.6833046417584585,31.968986491081257,71.43385624218746,67.23868235640163,8123,270,Healthy
85.65480375065351,3.519230709273224,20.36163710327195,65.87905702309241,73.91403628061062,6949,219,Needs_Maintenance
69.82711549899628,4.803114549361543,28.60558302924622,28.801706840910892,75.49082844011626,3347,176,Healthy
89.0934744018558,5.115277824438152,34.225789855921604,61.41937081404374,63.28885860779411,2692,341,Healthy
97.9889812361925,4.662716027287882,29.75551408262947,76.70144387483413,70.5427081113355,1590,233,Healthy
71.37161439560342,4.02499612876481,22.974050765982124,60.952428726029424,53.84058134275091,1324,151,Healthy
70.54497478599228,5.2529820079500915,29.73797774711265,39.89701094647003,81.53556004641511,2687,277,Healthy
89.533844771177,5.662910974354114,38.520527581277456,50.03475904584988,65.90100607458645,7814,229,Healthy
90.79572145730712,3.364401383835731,36.2344585776736,58.74350260106322,70.44691151875598,3164,171,Healthy
69.77139972846732,7.116398569619405,29.689979953169843,50.634224523710216,67.5228022880955,7904,223,Healthy
70.79813182904142,4.852117801573607,34.75724638529043,27.197176503858188,79.16822060010732,932,213,Healthy
72.18215391139493,5.028274434417272,28.16746489815974,38.72384267912124,47.29994846882097,2540,282,Healthy
61.555494889657226,6.062321634884835,21.480642065866405,68.14376183321795,69.86711726139272,4895,41,Healthy
65.81348053515802,5.349824196895252,25.377670059352226,71.68508276573104,69.15344994001842,1746,122,Healthy
64.95859233247933,6.429704950869867,37.81444384254099,28.238001962934213,66.37090889926654,540,227,Needs_Maintenance
67.32202434895872,5.430686247802736,28.63003459085348,77.14320514392347,83.80981236508507,6056,294,Healthy
74.65315112613219,4.0813439380393435,28.78308010312491,39.72935707091656,62.90136432915383,9821,88,Healthy
77.3421473253652,5.542255287809152,28.500809018625596,59.7388243238432,76.17436941788529,2467,267,Healthy
90.50500492814076,3.2844106890190075,39.52068294786503,65.10950875740087,72.85002230964866,6796,29,Healthy
65.0164595926121,5.162839558664785,38.12979457681031,68.716774078273,80.09215402028413,5290,247,Healthy
84.84322398476584,4.950155014033308,41.09390116724067,76.74498213355581,64.66248732177996,4763,316,Healthy
72.86011155774491,4.687824714091191,29.204773947999744,38.77517288172936,64.13624880700993,7162,244,Healthy
74.50536290347567,4.807193732841604,31.478122443735476,71.51038727309327,78.76855925981918,4431,61,Healthy
81.74819492166604,2.1772264317535415,22.416787252896043,27.901214206172423,73.40257046664088,9596,147,Healthy
63.772779784377015,4.176912638388558,37.38467213059137,62.30245438121556,57.64050122658593,3134,174,Healthy
78.82409746184051,5.1392673517116725,24.161102243660324,64.51866377083915,65.68555988429384,9477,278,Healthy
76.66452208213056,5.239784587996101,31.083877818813146,60.663394472079226,73.09106123078449,3362,334,Healthy
79.92451264008149,3.458487288611063,24.51348736183578,35.13888416810918,76.70211377237271,2207,142,Healthy
77.89168643907819,6.898561761297051,27.05566586630652,72.3825888209122,64.56615477445636,7136,44,Healthy
99.55300139910895,3.7007377276782485,25.8136878447515,30.1315078022237,46.68595208146447,4420,144,Healthy
68.62260015748684,6.454185800790105,26.96062369662091,23.21808749124985,74.18578548589626,6038,353,Healthy
69.69003044998182,5.640791542807527,27.304386484255108,63.04789943671473,60.237434480448194,2847,333,Healthy
68.76859473575236,4.0306590352342955,27.258656025374613,48.52854291396402,53.86128961502071,4777,55,Healthy
69.44522880839746,7.662966338914268,34.16666955890153,70.94588119752056,47.34139260012687,8072,307,Needs_Maintenance
68.62612872693482,3.20954475236528,24.4756860346874,43.00382846349554,76.51184688158193,4364,358,Healthy
86.89016531107552,6.378731260415002,31.102707135069334,30.09671531046277,71.02893960323973,3233,161,Needs_Maintenance
89.20504247989855,6.500873477064467,36.089795761527796,70.18653154819219,68.19474895430199,1565,285,Needs_Maintenance
69.29253706250523,3.994069686385033,27.43401817743302,52.9345778984043,81.11219490370209,4209,325,Healthy
66.67644426895771,7.088697950096494,26.41040554626199,31.351747543421293,75.09859746418458,2311,198,Healthy
79.71415556386404,4.6249302281015705,28.847376874098746,63.223039915186746,82.93040034177534,5639,159,Healthy
69.47776955719029,5.4330404439197855,35.89862604180355,50.66681830937003,58.85811622266403,9835,80,Healthy
81.32931817755511,5.390482758156831,30.97053815476679,56.25877893441919,69.72359500836829,1789,31,Healthy
77.029230208513,4.798536887794178,27.343928526962006,47.65390029239491,57.06629300041588,9863,112,Healthy
59.84255885002768,6.216212409739673,32.4193832559402,69.72253902908038,68.16494134515627,7827,46,Healthy
90.47505201330061,6.190233080828319,24.488539250817883,69.77376294098299,68.01107316986658,7864,353,Needs_Maintenance
92.95877673095522,2.3772020401427287,33.40679755221474,62.56332930946317,75.01290909810457,4641,205,Healthy
68.87211309515614,6.956510364317229,32.04303653850884,26.324082643787737,70.36451104913519,3641,52,Healthy
71.12298440064016,2.5062620179464883,28.46095764430558,70.33123171424413,74.98725710623933,918,138,Healthy
77.85865390724905,6.5488193065124864,25.807071007763845,60.26077883197459,75.62752106511115,4621,74,Healthy
78.34456789987026,6.690057705241375,25.566595388582712,61.82144996025797,87.23942941906513,1224,41,Healthy
81.5854427267283,3.3635503546772028,32.67408668172955,41.7789704242323,67.47762675771101,5760,77,Healthy
95.1020453876635,4.383778568068123,36.14490251244531,72.7567733694204,62.471818394668965,5741,187,Healthy
73.2305277250595,3.3414429972710966,26.813461264856027,63.522296014091445,71.96866892253126,1229,52,Healthy
67.01702755461547,4.677618454566897,32.29193351775742,26.755427991751667,63.58175978288365,1802,87,Healthy
61.20680771985473,4.537948573721388,19.564864906989655,44.46668206436976,81.85568614749229,2101,109,Healthy
67.69069960058081,6.169490798404009,27.076911346714002,73.1828217176085,67.73425568843814,7012,225,Healthy
74.66873027126204,6.965463119179413,29.84470533564549,22.83180210184274,65.47538905700807,3978,248,Healthy
92.94557863517788,7.093525716184934,25.45158291509083,77.68499717852296,66.22947423079106,7332,69,Healthy
69.82388700963828,4.156747960132547,25.31746812605202,60.74975409917377,75.74733938777312,6431,120,Healthy
77.23787951638899,4.686167189383208,26.661102217655568,57.8825586586026,68.73802413414812,6135,67,Healthy
74.83577103927247,2.4748427116685745,31.460963641631867,36.23355538927949,64.86666543895694,6623,61,Healthy
86.88393273448084,3.791194900255717,29.063354907968126,34.92750732435063,83.32281534098824,8211,327,Needs_Maintenance
100.26932425873622,6.447277449646187,18.80884383337514,76.52349316931573,63.150641274706,8836,191,Needs_Maintenance
69.6913122707968,7.423374235322347,19.396499236824667,37.89634725404736,70.28452859226395,2501,189,Needs_Maintenance
70.10560557481777,3.148476692180117,26.965674110714122,66.53031780313997,75.21844921288184,9581,151,Healthy
85.44160877069072,4.1113036112706585,32.28843293026776,43.58730789242475,56.94931911666342,9074,286,Needs_Maintenance
81.81891489626311,4.96039136456161,16.262475786373827,28.35524424708224,73.8420840112474,639,96,Healthy
93.46707325736034,5.42024173822941,27.501349119241848,20.642917861721536,61.5591385961564,5715,312,Healthy
80.83928185325964,3.7855947201175306,27.368760717412894,52.65544022091505,76.58226224667202,3056,309,Healthy
71.40707909212941,5.636091566696135,36.94168889104224,78.54672911293596,62.29879190464819,8177,263,Healthy
80.9065483069231,4.289240979393626,28.074890941435683,42.14817162855227,75.54215225479088,3822,97,Healthy
86.08703580582907,4.9783215936825815,31.914944923704642,41.431540039582686,78.8466645303577,5187,113,Healthy
83.20482181197364,5.819426372005549,30.706285700437316,40.64549707096653,76.89149220506243,6560,125,Healthy
80.07274031107298,5.009633404716407,19.347167600964,51.232630238291506,72.01053318590482,2270,132,Healthy
85.66674689589154,4.345421164210147,33.841036083158684,46.43989300545761,68.1495924565624,3491,121,Healthy
86.69295590445672,4.835585294111254,31.07698252728144,72.79487760362088,65.38864338932125,7042,197,Healthy
88.82158991037527,4.867455561191997,32.54134319837295,50.331247503409415,81.76827752653683,1716,294,Healthy
81.48709887589642,4.444983455176809,49.63118853218163,50.465470291314126,64.40403823865886,9208,122,Healthy
73.32881919683146,4.611805905999346,19.579435302507058,28.302295683233396,61.703471411440034,6558,282,Healthy
76.46713686433323,7.3979707557570755,38.62348324880554,78.96437245462316,75.32295148026265,2856,260,Healthy
87.06508966508358,5.841379171911858,28.56276240299822,34.99837345212978,63.630905574508034,6953,39,Healthy
66.83064329012764,4.556779522956259,31.436644522015047,24.401844047576162,62.39949202027098,7809,54,Healthy
78.68673308872901,6.045431606766103,29.77243877349379,59.788774938512525,58.45116590264188,2036,161,Healthy
71.0666118767264,4.499270765365985,27.878818333009782,55.72198220941236,66.13672128431585,3191,289,Healthy
75.28744822934817,6.759686956379962,27.150835358806205,44.90873923956474,69.33827980882805,1068,200,Healthy
87.78451862607298,5.554463288297141,31.647543677865045,45.33153403284068,71.9447338212856,7397,276,Healthy
76.91099068019903,4.839046783993656,22.414131516641604,67.10383526278588,77.61044995439586,3303,16,Healthy
75.46436548156149,5.671575388715416,33.752895837608826,31.742758405978943,74.21518338932636,6599,173,Healthy
61.40143859020081,2.643685771897251,27.91902797557373,69.21519913669339,68.47302224357456,5273,248,Healthy
82.46253566027221,3.309848796635292,24.34965330479821,58.92482683370109,68.41443458896224,989,218,Healthy
81.45484181141076,3.209112490401417,27.74993571002093,45.13818642677146,74.08125975132147,9084,87,Healthy
96.6325472330546,5.21441464214556,36.28574608431286,47.481716995032116,80.18056130342856,9273,82,Healthy
71.92221765046999,7.598772499227637,27.323324564918885,35.398832431165744,71.0105135958656,7482,62,Healthy
77.1915032766394,8.34695021928895,31.7922680910481,65.1268599618185,66.24695316631673,3631,287,Healthy
77.49383683710755,5.957076652161136,26.34521862142263,50.772484538316064,62.05707199131564,901,42,Healthy
90.77453279763475,5.751266712416685,33.789609249618096,39.251272564990614,58.4383578847022,8334,12,Healthy
74.04704467613048,2.2984133987708915,33.42753869395102,55.76300694565701,75.33015737634818,3449,321,Healthy
77.7902152577034,4.185989300398967,39.24304416648206,79.74406712307939,74.62382818911645,8105,234,Healthy
81.0789650971654,3.8183243721376416,29.122180272503922,46.11573677939323,74.6189082008533,3301,329,Healthy
76.86609123156359,4.068728602623326,33.34327402378953,75.24148404671718,68.97072442918355,449,131,Healthy
70.53566385449471,4.747784272122816,30.490337697694724,40.701010395473965,81.255477967134,9859,115,Healthy
76.94089992898307,4.291864133454309,36.479358909315074,23.283962415499154,66.12705204332146,9421,218,Healthy
85.73631749859771,2.0310502844363185,26.40583806195635,32.25452638210573,77.64215389765765,683,137,Healthy
64.73484700588939,6.121865384176301,33.725026564386404,45.12170859966105,69.69005684008366,3477,106,Healthy
76.32969674146877,3.3908854613902903,29.026513519416593,33.17809571567414,65.1331938825653,6128,179,Healthy
67.99879185060827,5.3588702961667245,29.679059114457512,20.01362229309533,74.74024245854208,7794,16,Healthy
86.95046628924842,8.11112400462496,30.458762422241865,74.90009226485164,73.27708894947195,6296,242,Needs_Maintenance
59.76813095216225,3.620923112620365,31.261201982133386,70.63276467385575,72.8557820741354,7183,334,Healthy
69.41078152728412,1.2045687158805052,29.41885478439021,64.53753388921683,70.65022737644959,3501,226,Healthy
78.7721187506452,4.570993667179834,31.073565915852633,30.06887573876172,69.69685534626535,3285,242,Healthy
90.65524029234341,6.651439452497857,37.89059028781092,27.221814572599165,89.10697594296352,5385,141,Healthy
74.34249738927012,7.937521181330891,34.92724842807609,24.05628496834299,79.47405316156939,9454,199,Needs_Maintenance
69.44800473306802,3.1556756083213746,34.34577296248448,63.441751326375275,75.7826151598841,6872,112,Healthy
93.8115706944059,5.745048834854782,27.722302369880648,75.72847764127312,70.8943932656271,8590,127,Healthy
60.51986099583756,4.30203431482992,25.55379585885838,45.83214925478222,78.05725760477335,3447,21,Healthy
53.01194043379918,4.841077468543796,34.77650279118876,27.14844031976289,74.14395821113162,888,147,Healthy
79.40014450053333,8.966515020525552,34.38023396264897,50.743569243926395,70.20963802219228,5045,89,Healthy
69.97945775647389,2.74554450740727,37.36335337875491,40.92991444751781,67.57148539787268,2989,303,Healthy
64.78767182869287,5.38060949224186,26.98009687015385,42.48949546099986,69.3526612986985,9669,203,Healthy
82.08356447299353,5.70153975764815,28.852256723198266,57.27983744934244,44.63659411297556,5373,85,Healthy
77.43800713771199,6.628679487409021,21.802579187372828,63.12308679573214,71.68480671438114,3372,167,Healthy
69.35921369263272,5.1469747302063436,28.037644469695636,26.63621593238965,66.09219135911712,9169,72,Healthy
62.19695601329106,5.462075809256153,34.982852552897235,22.135413848388584,82.74135998626308,5334,298,Healthy
83.72457328280144,4.412527148867313,27.66752310385901,79.6598181611429,70.15475256649404,9869,9,Healthy
81.50201177958661,5.403690411867661,33.20239897600412,33.96370093493311,60.48829264372031,7002,281,Healthy
74.00824136220618,4.485211586753884,29.047484470010943,23.229831494507543,69.60095876697505,7712,258,Healthy
93.46636996047665,5.932357834784076,31.620285141107804,31.392519745755198,61.63103131949997,2592,275,Healthy
64.29915233673847,4.445584495934549,24.261543050921663,22.337470780907854,73.78725932569974,6845,238,Healthy
59.74474829075261,5.56565059085328,30.426047248169507,43.508653677030296,72.32757891471589,9674,20,Healthy
68.08091930118755,4.956105779472533,15.044320145496384,68.14410706707946,77.66271704886614,4340,233,Healthy
74.54413983644503,6.689075376158252,29.065519209190075,40.47466698546324,63.672945666443475,2422,221,Healthy
77.43339449322691,4.922909414617271,21.8476337814243,46.651004412701994,70.27206476982518,5398,326,Healthy
72.5876394214367,2.340451297689678,36.02997258273408,60.53520641404633,59.07982563658692,1961,17,Healthy
78.52055396514297,6.892882251070987,33.88703676382256,50.53364420419281,75.61195825539771,6720,89,Healthy
62.48460575809556,3.641401548706072,32.333354909830405,71.68674116127946,74.15096944352098,4147,196,Healthy
89.4376460407326,4.019350492026771,37.6050311357969,71.9621405027454,73.96644016822057,7681,350,Healthy
74.17848821607431,4.106508058934762,25.255417395875813,20.594641729469217,70.01295225085553,7420,84,Healthy
86.17295831588127,7.061657139756226,38.73681598957779,66.68277838899195,73.31818312631033,1198,87,Needs_Maintenance
78.42725346377703,1.796488679031957,34.66095782130192,47.64401601450044,82.83471286646878,5347,307,Healthy
79.56753219153784,9.70662280048999,28.81722356390527,79.33043247821979,67.71924594366389,1834,338,Healthy
80.69767280232205,6.584085213599078,35.67810073591472,48.99392455252611,71.10916146968067,4763,154,Healthy
79.47708560017315,5.334858371193739,24.46853243794183,79.21375672329785,61.31098960654872,6009,228,Healthy
81.42722759867544,4.91765899907557,25.87742919236163,65.27416167234419,63.05391230721334,3516,264,Healthy
88.29152530132431,5.428331112286485,26.9570513838015,34.91629307679838,70.78250634474647,6402,223,Healthy
76.9652116970147,5.781683642569007,27.355111459679925,52.30369875721746,78.83146837361525,7693,121,Healthy
82.09003757588512,5.967823378925085,24.717211786198735,79.52813836871496,67.94975340598742,780,173,Healthy
74.10264305712774,5.833406699005173,36.11541533547663,71.45183646511542,68.112667765503,8263,4,Healthy
89.40117215449473,5.134371021882873,28.70572799815084,25.842013627473264,66.744918043965,2170,342,Healthy
68.2360769794073,4.7039923695390105,31.762524841784398,62.38231980859977,65.72194663324541,6768,128,Healthy
93.00940432910815,4.773090074519732,27.148243167931597,40.73477515224879,72.35977164567058,8101,110,Healthy
74.59842049355656,4.707637579470979,20.896983497257416,20.418935712820886,58.02193883857085,2291,355,Healthy
60.69224897881952,6.700655145300597,31.35028679195711,44.20885814161998,80.24751661333381,8959,37,Healthy
76.2810441491079,5.890335083421293,20.438725122901115,34.085265303498275,64.67662161496432,9904,71,Healthy
68.1894834252512,0.5894170480035799,29.656829769572656,69.1321562312283,75.77522788350512,7686,289,Healthy
83.40643548988724,5.9838511647946415,23.15842480583595,40.23983653074593,59.84001122084899,8972,31,Healthy
68.4737602069761,5.292104292078163,39.93637999615404,69.65142163722902,75.35072104436975,9264,268,Healthy
70.5381656678522,4.971936865331154,34.55681361087361,20.035876330087717,75.37555686251598,2946,11,Healthy
56.10459269054469,4.417222320366672,30.528768956357403,38.469149001567146,73.07361657604717,2563,344,Healthy
70.47693680750923,6.68616907997902,36.318533388273345,34.46991285846572,62.044571825601665,6937,328,Healthy
50.76120673371044,6.421289693184287,25.768420112671322,34.01404166411666,71.99638551678461,5022,32,Healthy
59.16097176514277,3.8406834982645863,32.71739689335047,24.09119718592776,60.535550522124886,4492,57,Healthy
82.60414656144297,5.610578430686803,30.99905216859357,31.227456224630103,67.97789395923051,3283,166,Healthy
82.85800158650832,3.542514898188071,31.32010040666835,53.33297419313719,78.2353048076426,3267,188,Healthy
79.25457561784965,2.9305727528166043,36.36176750053384,37.48166437026467,76.37361541656594,3097,342,Healthy
65.33023856870787,4.059924163115053,33.66246051389901,45.04368693974888,70.12146354032346,6621,19,Healthy
74.5228864385802,6.293590208574138,31.443618314125118,42.61201282083131,62.201547392617265,3327,116,Healthy
74.96397460909432,6.42968756806413,21.72556281885852,72.55429549999369,75.16470169739355,6664,184,Needs_Maintenance
63.416353108074574,5.769628130145939,25.199768523602682,74.31793994063094,70.1550499015842,2124,270,Healthy
90.0339830176715,6.087643680271996,29.38645533202138,49.577418299351606,51.43747521415661,429,33,Needs_Maintenance
83.77362290575671,5.774267430672437,30.466861871383255,39.80935701893627,76.26103861053214,2586,10,Healthy
72.79035826170336,4.037777607165571,24.34898137663038,26.408042240141818,69.80613732904246,1255,80,Healthy
75.26885838994531,5.647883817010911,42.058383377892106,77.20417276292571,79.61960998386458,4577,192,Healthy
77.08382807947552,6.200614287841523,37.58197027626787,23.613616694017846,61.237835849257564,2285,320,Healthy
54.58265131575709,6.131436994720362,33.01059160196242,37.85901665409683,44.58636949443199,7186,190,Healthy
72.52822617479403,6.783370057211965,30.360184306418724,37.88397207020025,72.23267086676148,2417,68,Healthy
68.18015752002202,6.062455770801596,28.93895515049424,39.22407716841289,72.33250941345578,3721,348,Healthy
64.98379990105084,5.527172311312374,25.24040769988882,29.857210596344558,56.47462697914838,4591,125,Healthy
72.18899707114045,6.605225357474641,30.387402592594313,66.98968585542184,62.17200363306715,2611,336,Healthy
92.97686526849523,4.96021811112641,31.288762700713754,27.349871717959353,92.04174194975921,7942,59,Healthy
81.4084286126701,3.6771880231584233,23.79119712259188,58.09439954918977,67.55511508676958,8741,97,Healthy
69.28821010217203,4.755399554084354,31.670882086224488,27.430761602349047,75.84767181100973,9646,275,Healthy
80.72582781356158,3.8826460327903263,29.223704755876255,24.232138255577393,64.79472138105294,7948,149,Healthy
